index,file,sample_id,instrument,analysis,purity,mineral_type,formula,sample_location,group,mineral
0,c:\2020\ecospeclib\mineral.phosphate.none.coarse.vswir.p-3a.jpl.perkin.spectrum.txt, p-3a,Perk,FALSE,z, none,"(li,na)al(po_4)(f,oh)", jpl,amblygonite,amblygonite
1,c:\2020\ecospeclib\mineral.phosphate.none.fine.vswir.p-3a.jpl.perkin.spectrum.txt, p-3a,Perk,FALSE,z, none,"(li,na)al(po_4)(f,oh)", jpl,amblygonite,amblygonite
2,c:\2020\ecospeclib\mineral.phosphate.none.medium.vswir.p-3a.jpl.perkin.spectrum.txt, p-3a,Perk,FALSE,z, none,"(li,na)al(po_4)(f,oh)", jpl,amblygonite,amblygonite
3,c:\2020\ecospeclib\mineral.phosphate.none.coarse.vswir.p-2a.jpl.perkin.spectrum.txt, p-2a,Perk,FALSE,z, none,lialpo_4(oh), jpl,amblygonite,montebrasite
4,c:\2020\ecospeclib\mineral.phosphate.none.medium.vswir.p-2a.jpl.perkin.spectrum.txt, p-2a,Perk,FALSE,z, none,lialpo_4(oh), jpl,amblygonite,montebrasite
5,c:\2020\ecospeclib\mineral.silicate.inosilicate.coarse.vswir.in-4a.jpl.perkin.spectrum.txt, in-4a,Perk,FALSE,z, inosilicate,"ca_2(mg,fe^2+)_5si_8o_22(oh)_2", jpl,amphibole,actinolite
6,c:\2020\ecospeclib\mineral.silicate.inosilicate.medium.vswir.in-4a.jpl.perkin.spectrum.txt, in-4a,Perk,FALSE,z, inosilicate,"ca_2(mg,fe^2+)_5si_8o_22(oh)_2", jpl,amphibole,actinolite
7,Actinolite_HS116.2B_ASDFRb_AREF.txt," hs116.1b, hs116.2b, hs116.3b, hs116.4b",ASDFR,TRUE,b, inosilicate," Ca2(Mg,Fe+2)5Si8O22(OH)2", usgs denver spectroscopy laboratory,amphibole,actinolite
8,Actinolite_HS116.3B_ASDFRb_AREF.txt," hs116.1b, hs116.2b, hs116.3b, hs116.4b",ASDFR,TRUE,b, inosilicate," Ca2(Mg,Fe+2)5Si8O22(OH)2", usgs denver spectroscopy laboratory,amphibole,actinolite
9,Actinolite_HS116.4B_ASDFRb_AREF.txt," hs116.1b, hs116.2b, hs116.3b, hs116.4b",ASDFR,TRUE,b, inosilicate," Ca2(Mg,Fe+2)5Si8O22(OH)2", usgs denver spectroscopy laboratory,amphibole,actinolite
10,Actinolite_HS22.1B_ASDFRb_AREF.txt," hs22.1b, hs22.2b, hs22.3b, hs22.4b",ASDFR,TRUE,b, inosilicate," Ca2(Mg,Fe+2)5Si8O22(OH)2", usgs denver spectroscopy laboratory,amphibole,actinolite
11,Actinolite_HS22.2B_ASDFRb_AREF.txt," hs22.1b, hs22.2b, hs22.3b, hs22.4b",ASDFR,TRUE,b, inosilicate," Ca2(Mg,Fe+2)5Si8O22(OH)2", usgs denver spectroscopy laboratory,amphibole,actinolite
12,Actinolite_HS22.3B_ASDFRb_AREF.txt," hs22.1b, hs22.2b, hs22.3b, hs22.4b",ASDFR,TRUE,b, inosilicate," Ca2(Mg,Fe+2)5Si8O22(OH)2", usgs denver spectroscopy laboratory,amphibole,actinolite
13,Actinolite_HS22.4B_ASDFRb_AREF.txt," hs22.1b, hs22.2b, hs22.3b, hs22.4b",ASDFR,TRUE,b, inosilicate," Ca2(Mg,Fe+2)5Si8O22(OH)2", usgs denver spectroscopy laboratory,amphibole,actinolite
14,Actinolite_HS315.1B_ASDFRb_AREF.txt," hs315.1b, hs315.2b, hs315.4b",ASDFR,TRUE,b, inosilicate," Ca2(Mg,Fe+2)5Si8O22(OH)2", usgs denver spectroscopy laboratory,amphibole,actinolite
15,Actinolite_HS315.2B_ASDFRb_AREF.txt," hs315.1b, hs315.2b, hs315.4b",ASDFR,TRUE,b, inosilicate," Ca2(Mg,Fe+2)5Si8O22(OH)2", usgs denver spectroscopy laboratory,amphibole,actinolite
16,c:\2020\ecospeclib\mineral.silicate.inosilicate.coarse.vswir.in-8a.jpl.perkin.spectrum.txt, in-8a,Perk,FALSE,z, inosilicate,"(mg,fe^2+)_7si_8o_22(oh)_2", jpl,amphibole,anthophyllite
17,c:\2020\ecospeclib\mineral.silicate.inosilicate.medium.vswir.in-8a.jpl.perkin.spectrum.txt, in-8a,Perk,FALSE,z, inosilicate,"(mg,fe^2+)_7si_8o_22(oh)_2", jpl,amphibole,anthophyllite
18,c:\2020\ecospeclib\mineral.silicate.inosilicate.coarse.vswir.in-3a.jpl.perkin.spectrum.txt, in-3a,Perk,FALSE,z, inosilicate,"na_2(mg,fe^2+)_3al_2si_8o_22(oh)_2", jpl,amphibole,glaucophane
19,c:\2020\ecospeclib\mineral.silicate.inosilicate.medium.vswir.in-3a.jpl.perkin.spectrum.txt, in-3a,Perk,FALSE,z, inosilicate,"na_2(mg,fe^2+)_3al_2si_8o_22(oh)_2", jpl,amphibole,glaucophane
20,Hornblende_HS16.3B_ASDFRb_AREF.txt," hs16.2b, hs16.3b, hs16.4b, hs16.6",ASDFR,FALSE,b, inosilicate," Ca2(Mg,Fe+2)4Al(Si7Al)O22(OH,F)2", usgs denver spectroscopy laboratory,amphibole,hornblende
21,Hornblende_HS16.4B_ASDFRb_AREF.txt," hs16.2b, hs16.3b, hs16.4b, hs16.6",ASDFR,FALSE,b, inosilicate," Ca2(Mg,Fe+2)4Al(Si7Al)O22(OH,F)2", usgs denver spectroscopy laboratory,amphibole,hornblende
22,c:\2020\ecospeclib\mineral.silicate.inosilicate.coarse.vswir.in-7a.jpl.perkin.spectrum.txt, in-7a,Perk,FALSE,z, inosilicate,"na_2(fe^2+,mg)_3,fe_2^3+si_8o_22(oh)_2", jpl,amphibole,riebeckite
23,c:\2020\ecospeclib\mineral.silicate.inosilicate.medium.vswir.in-7a.jpl.perkin.spectrum.txt, in-7a,Perk,FALSE,z, inosilicate,"na_2(fe^2+,mg)_3,fe_2^3+si_8o_22(oh)_2", jpl,amphibole,riebeckite
24,Smaragdite_HS290.1B_Amphibol_ASDFRb_AREF.txt," hs290.1b, hs290.2b, hs290.3b, hs290.4b, hs290.6",ASDFR,FALSE,b, inosilicate," Ca2(Mg,Fe+2)5Si8O22(OH)2  (see sample description)", usgs denver spectroscopy laboratory,amphibole,smaragdite
25,Smaragdite_HS290.2B_Amphibol_ASDFRb_AREF.txt," hs290.1b, hs290.2b, hs290.3b, hs290.4b, hs290.6",ASDFR,FALSE,b, inosilicate," Ca2(Mg,Fe+2)5Si8O22(OH)2  (see sample description)", usgs denver spectroscopy laboratory,amphibole,smaragdite
26,Smaragdite_HS290.3B_Amphibol_ASDFRb_AREF.txt," hs290.1b, hs290.2b, hs290.3b, hs290.4b, hs290.6",ASDFR,FALSE,b, inosilicate," Ca2(Mg,Fe+2)5Si8O22(OH)2  (see sample description)", usgs denver spectroscopy laboratory,amphibole,smaragdite
27,Smaragdite_HS290.4B_Amphibol_ASDFRb_AREF.txt," hs290.1b, hs290.2b, hs290.3b, hs290.4b, hs290.6",ASDFR,FALSE,b, inosilicate," Ca2(Mg,Fe+2)5Si8O22(OH)2  (see sample description)", usgs denver spectroscopy laboratory,amphibole,smaragdite
28,c:\2020\ecospeclib\mineral.silicate.inosilicate.coarse.vswir.in-5a.jpl.perkin.spectrum.txt, in-5a,Perk,FALSE,z, inosilicate,"ca_2(mg,fe^2+)_5si_8o_22(oh)_2", jpl,amphibole,tremolite
29,c:\2020\ecospeclib\mineral.silicate.inosilicate.medium.vswir.in-5a.jpl.perkin.spectrum.txt, in-5a,Perk,FALSE,z, inosilicate,"ca_2(mg,fe^2+)_5si_8o_22(oh)_2", jpl,amphibole,tremolite
30,Uralite_HS345.1B_ASDFRb_AREF.txt," hs345.1b, hs345.2b, hs345.3b, hs345.4b, hs345.6",ASDFR,FALSE,b, inosilicate," Ca2(Mg,Fe2+)5(Si8O22)(OH,F)2", usgs denver spectroscopy laboratory,amphibole,uralite
31,Uralite_HS345.2B_ASDFRb_AREF.txt," hs345.1b, hs345.2b, hs345.3b, hs345.4b, hs345.6",ASDFR,FALSE,b, inosilicate," Ca2(Mg,Fe2+)5(Si8O22)(OH,F)2", usgs denver spectroscopy laboratory,amphibole,uralite
32,Uralite_HS345.3B_ASDFRb_AREF.txt," hs345.1b, hs345.2b, hs345.3b, hs345.4b, hs345.6",ASDFR,FALSE,b, inosilicate," Ca2(Mg,Fe2+)5(Si8O22)(OH,F)2", usgs denver spectroscopy laboratory,amphibole,uralite
33,Uralite_HS345.4B_ASDFRb_AREF.txt," hs345.1b, hs345.2b, hs345.3b, hs345.4b, hs345.6",ASDFR,FALSE,b, inosilicate," Ca2(Mg,Fe2+)5(Si8O22)(OH,F)2", usgs denver spectroscopy laboratory,amphibole,uralite
34,Uralite_HS345.6_ASDFRb_AREF.txt," hs345.1b, hs345.2b, hs345.3b, hs345.4b, hs345.6",ASDFR,FALSE,b, inosilicate," Ca2(Mg,Fe2+)5(Si8O22)(OH,F)2", usgs denver spectroscopy laboratory,amphibole,uralite
35,c:\2020\ecospeclib\mineral.silicate.phyllosilicate.coarse.vswir.ps-22a.jpl.perkin.spectrum.txt, ps-22a,Perk,FALSE,z, phyllosilicate,"kca_4si_8o_20(oh,f).8h_2o", jpl,apophyllite,hydroxyapophyllite
36,c:\2020\ecospeclib\mineral.silicate.phyllosilicate.fine.vswir.ps-22a.jpl.perkin.spectrum.txt, ps-22a,Perk,FALSE,z, phyllosilicate,"kca_4si_8o_20(oh,f).8h_2o", jpl,apophyllite,hydroxyapophyllite
37,c:\2020\ecospeclib\mineral.silicate.phyllosilicate.medium.vswir.ps-22a.jpl.perkin.spectrum.txt, ps-22a,Perk,FALSE,z, phyllosilicate,"kca_4si_8o_20(oh,f).8h_2o", jpl,apophyllite,hydroxyapophyllite
38,c:\2020\ecospeclib\mineral.borate.none.coarse.vswir.b-6a.jpl.perkin.spectrum.txt, b-6a,Perk,FALSE,z, none,na_2b_4o_5(oh)_4.8h_2o, jpl,borate,borax
39,c:\2020\ecospeclib\mineral.borate.none.fine.vswir.b-6a.jpl.perkin.spectrum.txt, b-6a,Perk,FALSE,z, none,na_2b_4o_5(oh)_4.8h_2o, jpl,borate,borax
40,c:\2020\ecospeclib\mineral.borate.none.medium.vswir.b-6a.jpl.perkin.spectrum.txt, b-6a,Perk,FALSE,z, none,na_2b_4o_5(oh)_4.8h_2o, jpl,borate,borax
41,c:\2020\ecospeclib\mineral.borate.none.coarse.vswir.b-5a.jpl.perkin.spectrum.txt, b-5a,Perk,FALSE,z, none,ca_2b_5sio_9(oh)_5, jpl,borate,howlite
42,c:\2020\ecospeclib\mineral.borate.none.fine.vswir.b-5a.jpl.perkin.spectrum.txt, b-5a,Perk,FALSE,z, none,ca_2b_5sio_9(oh)_5, jpl,borate,howlite
43,c:\2020\ecospeclib\mineral.borate.none.medium.vswir.b-5a.jpl.perkin.spectrum.txt, b-5a,Perk,FALSE,z, none,ca_2b_5sio_9(oh)_5, jpl,borate,howlite
44,c:\2020\ecospeclib\mineral.borate.none.coarse.vswir.b-4a.jpl.perkin.spectrum.txt, b-4a,Perk,FALSE,z, none,na_2b_4o_5(oh)_4.3h_2o, jpl,borate,tincalconite
45,c:\2020\ecospeclib\mineral.borate.none.fine.vswir.b-4a.jpl.perkin.spectrum.txt, b-4a,Perk,FALSE,z, none,na_2b_4o_5(oh)_4.3h_2o, jpl,borate,tincalconite
46,c:\2020\ecospeclib\mineral.borate.none.medium.vswir.b-4a.jpl.perkin.spectrum.txt, b-4a,Perk,FALSE,z, none,na_2b_4o_5(oh)_4.3h_2o, jpl,borate,tincalconite
47,c:\2020\ecospeclib\mineral.carbonate.none.coarse.vswir.c-12a.jpl.perkin.spectrum.txt, c-12a,Perk,FALSE,z, none,cu_3(co_3)_2(oh)_2, jpl,carbonate,azurite
48,c:\2020\ecospeclib\mineral.carbonate.none.fine.vswir.c-12a.jpl.perkin.spectrum.txt, c-12a,Perk,FALSE,z, none,cu_3(co_3)_2(oh)_2, jpl,carbonate,azurite
49,c:\2020\ecospeclib\mineral.carbonate.none.medium.vswir.c-12a.jpl.perkin.spectrum.txt, c-12a,Perk,FALSE,z, none,cu_3(co_3)_2(oh)_2, jpl,carbonate,azurite
50,Bastnaesite_REE_WS320_crystl_ASDFRb_AREF.txt, ws320,ASDFR,FALSE,b, carbonate-fluoride," (Ce,La,Y)(CO3)F ", usgs denver spectroscopy laboratory,carbonate,bastnaesite
51,c:\2020\ecospeclib\mineral.carbonate.none.coarse.vswir.c-3e.jpl.perkin.spectrum.txt, c-3e,Perk,FALSE,z, none,caco_3, jpl,carbonate,calcite
52,c:\2020\ecospeclib\mineral.carbonate.none.medium.vswir.c-3e.jpl.perkin.spectrum.txt, c-3e,Perk,FALSE,z, none,caco_3, jpl,carbonate,calcite
53,Calcite_GDS304_75-150um_ASDFRb_AREF.txt, gds304,ASDFR,FALSE,b, carbonate, CaCO3, usgs denver spectroscopy laboratory,carbonate,calcite
54,Calcite_WS272_ASDNGa_AREF.txt, ws272,ASDNG,FALSE,a, carbonate, CaCO3, usgs denver spectroscopy laboratory,carbonate,calcite
55,c:\2020\ecospeclib\mineral.carbonate.none.coarse.vswir.c-10a.jpl.perkin.spectrum.txt, c-10a,Perk,FALSE,z, none,pbco_3, jpl,carbonate,cerussite
56,c:\2020\ecospeclib\mineral.carbonate.none.coarse.vswir.c-5a.jpl.perkin.spectrum.txt, c-5a,Perk,FALSE,z, none,camg(co_3)_2, jpl,carbonate,dolomite
57,c:\2020\ecospeclib\mineral.carbonate.none.medium.vswir.c-5a.jpl.perkin.spectrum.txt, c-5a,Perk,FALSE,z, none,camg(co_3)_2, jpl,carbonate,dolomite
58,c:\2020\ecospeclib\mineral.carbonate.none.medium.vswir.c-5c.jpl.perkin.spectrum.txt, c-5c,Perk,FALSE,z, none,camg(co_3)_2, jpl,carbonate,dolomite
59,c:\2020\ecospeclib\mineral.carbonate.none.medium.vswir.c-6a.jpl.perkin.spectrum.txt, c-6a,Perk,FALSE,z, none,mgco_3, jpl,carbonate,magnesite
60,Malachite_HS254.1B_ASDFRb_AREF.txt," hs254.1b, hs254.2b, hs254.3b, hs254.4b",ASDFR,FALSE,b, carbonate, Cu2CO3(OH)2, usgs denver spectroscopy laboratory,carbonate,malachite
61,Malachite_HS254.2B_ASDFRb_AREF.txt," hs254.1b, hs254.2b, hs254.3b, hs254.4b",ASDFR,FALSE,b, carbonate, Cu2CO3(OH)2, usgs denver spectroscopy laboratory,carbonate,malachite
62,Malachite_HS254.3B_ASDFRb_AREF.txt," hs254.1b, hs254.2b, hs254.3b, hs254.4b",ASDFR,FALSE,b, carbonate, Cu2CO3(OH)2, usgs denver spectroscopy laboratory,carbonate,malachite
63,Malachite_HS254.4B_ASDFRb_AREF.txt," hs254.1b, hs254.2b, hs254.3b, hs254.4b",ASDFR,FALSE,b, carbonate, Cu2CO3(OH)2, usgs denver spectroscopy laboratory,carbonate,malachite
64,Parisite_REE_WS319_crystal_ASDFRa_AREF.txt, ws319 crystal,ASDFR,FALSE,a, carbonate-fluoride," Ca(Ce,La)2(CO3)3F2", usgs denver spectroscopy laboratory,carbonate,parisite
65,c:\2020\ecospeclib\mineral.carbonate.none.coarse.vswir.c-8a.jpl.perkin.spectrum.txt, c-8a,Perk,FALSE,z, none,mnco_3, jpl,carbonate,rhodochrosite
66,c:\2020\ecospeclib\mineral.carbonate.none.medium.vswir.c-8a.jpl.perkin.spectrum.txt, c-8a,Perk,FALSE,z, none,mnco_3, jpl,carbonate,rhodochrosite
67,Rhodochrosite_HS338.6_ASDFRb_AREF.txt," hs338.3b, hs338.6",ASDFR,FALSE,b, carbonate, MnCO3, usgs denver spectroscopy laboratory,carbonate,rhodochrosite
68,Siderite_HS271.3B_ASDFRa_AREF.txt," hs271.1b, hs271.2b, hs271.3b, hs271.4b",ASDFR,FALSE,a, carbonate, FeCO3, usgs denver spectroscopy laboratory,carbonate,siderite
69,Siderite_HS271.3B_ASDNGa_AREF.txt," hs271.1b, hs271.2b, hs271.3b, hs271.4b",ASDNG,FALSE,a, carbonate, FeCO3, usgs denver spectroscopy laboratory,carbonate,siderite
70,Siderite_HS271.4B_ASDFRa_AREF.txt," hs271.1b, hs271.2b, hs271.3b, hs271.4b",ASDFR,FALSE,a, carbonate, FeCO3, usgs denver spectroscopy laboratory,carbonate,siderite
71,c:\2020\ecospeclib\mineral.carbonate.none.coarse.vswir.c-11a.jpl.perkin.spectrum.txt, c-11a,Perk,FALSE,z, none,pbco_3, jpl,carbonate,smithsonite
72,c:\2020\ecospeclib\mineral.carbonate.none.medium.vswir.c-11a.jpl.perkin.spectrum.txt, c-11a,Perk,FALSE,z, none,pbco_3, jpl,carbonate,smithsonite
73,c:\2020\ecospeclib\mineral.carbonate.none.coarse.vswir.c-1a.jpl.perkin.spectrum.txt, c-1a,Perk,FALSE,z, none,srco_3, jpl,carbonate,strontianite
74,c:\2020\ecospeclib\mineral.carbonate.none.medium.vswir.c-1a.jpl.perkin.spectrum.txt, c-1a,Perk,FALSE,z, none,srco_3, jpl,carbonate,strontianite
75,Strontianite_HS272.2B_ASDFRb_AREF.txt," hs272.1b, hs272.2b, hs272.3b, hs272.4b",ASDFR,TRUE,b, carbonate, SrCO3, usgs denver spectroscopy laboratory,carbonate,strontianite
76,Strontianite_HS272.3B_ASDFRb_AREF.txt," hs272.1b, hs272.2b, hs272.3b, hs272.4b",ASDFR,TRUE,b, carbonate, SrCO3, usgs denver spectroscopy laboratory,carbonate,strontianite
77,Strontianite_HS272.4B_ASDFRb_AREF.txt," hs272.1b, hs272.2b, hs272.3b, hs272.4b",ASDFR,TRUE,b, carbonate, SrCO3, usgs denver spectroscopy laboratory,carbonate,strontianite
78,c:\2020\ecospeclib\mineral.carbonate.none.coarse.vswir.c-2a.jpl.perkin.spectrum.txt, c-2a,Perk,FALSE,z, none,baco_3, jpl,carbonate,witherite
79,c:\2020\ecospeclib\mineral.carbonate.none.medium.vswir.c-2a.jpl.perkin.spectrum.txt, c-2a,Perk,FALSE,z, none,baco_3, jpl,carbonate,witherite
80,Witherite_HS273.2B_ASDFRa_AREF.txt," hs273.1b, hs273.2b, hs273.3b, hs273.4b",ASDFR,FALSE,a, carbonate, BaCO3, usgs denver spectroscopy laboratory,carbonate,witherite
81,Witherite_HS273.3B_ASDFRa_AREF.txt," hs273.1b, hs273.2b, hs273.3b, hs273.4b",ASDFR,FALSE,a, carbonate, BaCO3, usgs denver spectroscopy laboratory,carbonate,witherite
82,Witherite_HS273.4B_ASDFRa_AREF.txt," hs273.1b, hs273.2b, hs273.3b, hs273.4b",ASDFR,FALSE,a, carbonate, BaCO3, usgs denver spectroscopy laboratory,carbonate,witherite
83,c:\2020\ecospeclib\mineral.silicate.phyllosilicate.coarse.vswir.ps-12c.jpl.perkin.spectrum.txt, ps-12c,Perk,FALSE,z, phyllosilicate,"(mg,al)_6(si,al)_4o_10(oh)_8", jpl,chlorite,chlorite
84,c:\2020\ecospeclib\mineral.silicate.phyllosilicate.coarse.vswir.ps-12e.jpl.perkin.spectrum.txt, ps-12e,Perk,FALSE,z, phyllosilicate,na, jpl,chlorite,chlorite
85,c:\2020\ecospeclib\mineral.silicate.phyllosilicate.coarse.vswir.ps-12f.jpl.perkin.spectrum.txt, ps-12f,Perk,FALSE,z, phyllosilicate,na, jpl,chlorite,chlorite
86,c:\2020\ecospeclib\mineral.silicate.phyllosilicate.fine.vswir.ps-12c.jpl.perkin.spectrum.txt, ps-12c,Perk,FALSE,z, phyllosilicate,na, jpl,chlorite,chlorite
87,c:\2020\ecospeclib\mineral.silicate.phyllosilicate.fine.vswir.ps-12e.jpl.perkin.spectrum.txt, ps-12e,Perk,FALSE,z, phyllosilicate,na, jpl,chlorite,chlorite
88,c:\2020\ecospeclib\mineral.silicate.phyllosilicate.fine.vswir.ps-12f.jpl.perkin.spectrum.txt, ps-12f,Perk,FALSE,z, phyllosilicate,na, jpl,chlorite,chlorite
89,c:\2020\ecospeclib\mineral.silicate.phyllosilicate.medium.vswir.ps-12c.jpl.perkin.spectrum.txt, ps-12c,Perk,FALSE,z, phyllosilicate,na, jpl,chlorite,chlorite
90,c:\2020\ecospeclib\mineral.silicate.phyllosilicate.medium.vswir.ps-12e.jpl.perkin.spectrum.txt, ps-12e,Perk,FALSE,z, phyllosilicate,na, jpl,chlorite,chlorite
91,c:\2020\ecospeclib\mineral.silicate.phyllosilicate.medium.vswir.ps-12f.jpl.perkin.spectrum.txt, ps-12f,Perk,FALSE,z, phyllosilicate,na, jpl,chlorite,chlorite
92,Chlorite_HS179.1B_ASDFRb_AREF.txt," hs179.1b, hs179.2b, hs179.3b, hs179.4b, hs179.6",ASDFR,FALSE,b, phyllosilicate," (Mg,Fe)3(Si,Al)4O10(OH)2-(Mg,Fe)3(OH)6", usgs denver spectroscopy laboratory,chlorite,chlorite
93,Chlorite_HS179.2B_ASDFRb_AREF.txt," hs179.1b, hs179.2b, hs179.3b, hs179.4b, hs179.6",ASDFR,FALSE,b, phyllosilicate," (Mg,Fe)3(Si,Al)4O10(OH)2-(Mg,Fe)3(OH)6", usgs denver spectroscopy laboratory,chlorite,chlorite
94,Chlorite_HS179.3B_ASDFRb_AREF.txt," hs179.1b, hs179.2b, hs179.3b, hs179.4b, hs179.6",ASDFR,FALSE,b, phyllosilicate," (Mg,Fe)3(Si,Al)4O10(OH)2-(Mg,Fe)3(OH)6", usgs denver spectroscopy laboratory,chlorite,chlorite
95,Chlorite_HS179.4B_ASDFRb_AREF.txt," hs179.1b, hs179.2b, hs179.3b, hs179.4b, hs179.6",ASDFR,FALSE,b, phyllosilicate," (Mg,Fe)3(Si,Al)4O10(OH)2-(Mg,Fe)3(OH)6", usgs denver spectroscopy laboratory,chlorite,chlorite
96,c:\2020\ecospeclib\mineral.silicate.phyllosilicate.fine.vswir.ps-12a.jpl.perkin.spectrum.txt, ps-12a,Perk,FALSE,z, phyllosilicate,"(mg,al)_6(si,al)_4o_10(oh)_8", jpl,chlorite,chlorite
97,c:\2020\ecospeclib\mineral.silicate.phyllosilicate.medium.vswir.ps-12a.jpl.perkin.spectrum.txt, ps-12a,Perk,FALSE,z, phyllosilicate,"(mg,al)_6(si,al)_4o_10(oh)_8", jpl,chlorite,chlorite
98,Clinochlore_GDS158_Flagstaff_ASDNGb_AREF.txt, gds158,ASDNG,FALSE,b, phyllosilicate," (Mg,Fe2+)5Al((Si3Al)O10(OH)8", usgs denver spectroscopy laboratory,chlorite,chlorite
99,c:\2020\ecospeclib\mineral.silicate.phyllosilicate.coarse.vswir.ps-9a.jpl.perkin.spectrum.txt, ps-9a,Perk,FALSE,z, phyllosilicate,lial_4(si_3al)o_10(oh)_8, jpl,chlorite,cookeite
100,c:\2020\ecospeclib\mineral.silicate.phyllosilicate.medium.vswir.ps-9a.jpl.perkin.spectrum.txt, ps-9a,Perk,FALSE,z, phyllosilicate,lial_4(si_3al)o_10(oh)_8, jpl,chlorite,cookeite
101,Clinochlore_Fe_GDS157.b_ASDFRa_AREF.txt," gds157, gds157.b",ASDFR,TRUE,a, phyllosilicate," (Fe+2,Mg)5Al(Si3Al)O10(OH)8", usgs denver spectroscopy laboratory,chlorite,chlorite
102,Biotite_HS28.3B_BECKa_AREF.txt, hs28.3b,BECK,TRUE,a, phyllosilicate," K(Mg,Fe+2)3(Al,Fe+3)Si3O10(OH,F)2", usgs denver spectroscopy laboratory,dark-mica,biotite
103,Phlogopite_HS23.1B_ASDFRa_AREF.txt," hs23.1b, hs23.2b, hs23.3b, hs23.4b",ASDFR,TRUE,a, phyllosilicate," KMg3Si3AlO10(F,OH)2", usgs denver spectroscopy laboratory,dark-mica,phlogopite
104,Phlogopite_HS23.2B_ASDFRa_AREF.txt," hs23.1b, hs23.2b, hs23.3b, hs23.4b",ASDFR,TRUE,a, phyllosilicate," KMg3Si3AlO10(F,OH)2", usgs denver spectroscopy laboratory,dark-mica,phlogopite
105,c:\2020\ecospeclib\mineral.silicate.phyllosilicate.coarse.vswir.ps-18b.jpl.perkin.spectrum.txt, ps-18b,Perk,FALSE,z, phyllosilicate,"(mg,fe^2+,al)_3(al,si)_4o_10(oh)_2.4h_2o", jpl,dark-mica,vermiculite
106,c:\2020\ecospeclib\mineral.silicate.phyllosilicate.fine.vswir.ps-18b.jpl.perkin.spectrum.txt, ps-18b,Perk,FALSE,z, phyllosilicate,"(mg,fe^2+,al)_3(al,si)_4o_10(oh)_2.4h_2o", jpl,dark-mica,vermiculite
107,c:\2020\ecospeclib\mineral.silicate.phyllosilicate.medium.vswir.ps-18b.jpl.perkin.spectrum.txt, ps-18b,Perk,FALSE,z, phyllosilicate,"(mg,fe^2+,al)_3(al,si)_4o_10(oh)_2.4h_2o", jpl,dark-mica,vermiculite
108,c:\2020\ecospeclib\mineral.silicate.sorosilicate.coarse.vswir.ss-1a.jpl.perkin.spectrum.txt, ss-1a,Perk,FALSE,z, sorosilicate,"ca_2(al,fe^3+)_3o.sio_4.si_2o_7.oh", jpl,epidote,epidote
109,c:\2020\ecospeclib\mineral.silicate.sorosilicate.medium.vswir.ss-1a.jpl.perkin.spectrum.txt, ss-1a,Perk,FALSE,z, sorosilicate,"ca_2(al,fe^3+)_3o.sio_4.si_2o_7.oh", jpl,epidote,epidote
110,Epidote_GDS26.a_75-200um_ASDNGb_AREF.txt," gds26.a, gds26.b",ASDNG,TRUE,b, sorosilicate," Ca2(Al,Fe+3)3(SiO4)3(OH)", usgs denver spectroscopy laboratory,epidote,epidote
111,Epidote_GDS26.b_lt75um_ASDNGb_AREF.txt," gds26.a, gds26.b",ASDNG,TRUE,b, sorosilicate," Ca2(Al,Fe+3)3(SiO4)3(OH)", usgs denver spectroscopy laboratory,epidote,epidote
112,Epidote_GDS301_75-150um_ASDFRb_AREF.txt, gds301,ASDFR,FALSE,b, sorosilicate," Ca2(Al,Fe+3)3(SiO4)3(OH)", u.s.g.s. denver spectroscopy laboratory.,epidote,epidote
113,Zoisite_HS347.1B_ASDFRb_AREF.txt," hs347.1b, hs347.2b, hs347.3b, hs347.4b, hs347.6",ASDFR,FALSE,b, sorosilicate, Ca2Al3(SiO4)3(OH), usgs denver spectroscopy laboratory,epidote,zoisite
114,Zoisite_HS347.2B_ASDFRb_AREF.txt," hs347.1b, hs347.2b, hs347.3b, hs347.4b, hs347.6",ASDFR,FALSE,b, sorosilicate, Ca2Al3(SiO4)3(OH), usgs denver spectroscopy laboratory,epidote,zoisite
115,Zoisite_HS347.3B_ASDFRb_AREF.txt," hs347.1b, hs347.2b, hs347.3b, hs347.4b, hs347.6",ASDFR,FALSE,b, sorosilicate, Ca2Al3(SiO4)3(OH), usgs denver spectroscopy laboratory,epidote,zoisite
116,Zoisite_HS347.4B_ASDFRb_AREF.txt," hs347.1b, hs347.2b, hs347.3b, hs347.4b, hs347.6",ASDFR,FALSE,b, sorosilicate, Ca2Al3(SiO4)3(OH), usgs denver spectroscopy laboratory,epidote,zoisite
117,c:\2020\ecospeclib\mineral.borate.none.coarse.vswir.b-2a.jpl.perkin.spectrum.txt, b-2a,Perk,FALSE,z, none,na_2b_4o_6(oh)_2.3h_2o, jpl,gypsum,kernite
118,c:\2020\ecospeclib\mineral.borate.none.fine.vswir.b-2a.jpl.perkin.spectrum.txt, b-2a,Perk,FALSE,z, none,na_2b_4o_6(oh)_2.3h_2o, jpl,gypsum,kernite
119,c:\2020\ecospeclib\mineral.borate.none.medium.vswir.b-2a.jpl.perkin.spectrum.txt, b-2a,Perk,FALSE,z, none,na_2b_4o_6(oh)_2.3h_2o, jpl,gypsum,kernite
120,c:\2020\ecospeclib\mineral.halide.none.coarse.vswir.h-4a.jpl.perkin.spectrum.txt, h-4a,Perk,FALSE,z, none,cu_2cl(oh)_3, jpl,halide,atacamite
121,c:\2020\ecospeclib\mineral.halide.none.medium.vswir.h-4a.jpl.perkin.spectrum.txt, h-4a,Perk,FALSE,z, none,cu_2cl(oh)_3, jpl,halide,atacamite
122,Dickite_NMNH106242_ASDNGb_AREF.txt, nmnh106242,ASDNG,FALSE,b, phyllosilicate, Al2Si2O5(OH)4, usgs denver spectroscopy laboratory,kaolin,dickite
123,Halloysite_NMNH106237_ASDNGa_AREF.txt, nmnh106237,ASDNG,FALSE,a, phyllosilicate, Al2Si2O5(OH)4, usgs denver spectroscopy laboratory,kaolin,halloysite
124,c:\2020\ecospeclib\mineral.silicate.phyllosilicate.fine.vswir.ps-1a.jpl.perkin.spectrum.txt, ps-1a,Perk,FALSE,z, phyllosilicate,al_2si_2o_5(oh)_4, jpl,kaolin,kaolinite
125,c:\2020\ecospeclib\mineral.silicate.phyllosilicate.fine.vswir.ps-1b.jpl.perkin.spectrum.txt, ps-1b,Perk,FALSE,z, phyllosilicate,al_2si_2o_5(oh)_4, jpl,kaolin,kaolinite
126,Kaolinite_CM9_ASDNGb_AREF.txt, cm9 (also known as api9),ASDNG,TRUE,b, phyllosilicate, Al2Si2O5(OH)4, usgs denver spectroscopy laboratory,kaolin,kaolinite
127,Kaolinite_KGa-1_(wxl)_ASDNGb_AREF.txt, kga-1,ASDNG,TRUE,b, phyllosilicate, Al2Si2O5(OH)4, usgs denver spectroscopy laboratory,kaolin,kaolinite
128,Kaolinite_KGa-2_(pxl)_ASDNGb_AREF.txt, kga-2,ASDNG,TRUE,b, phyllosilicate, Al2Si2O5(OH)4, usgs denver spectroscopy laboratory,kaolin,kaolinite
129,Carnallite_HS430.1B_ASDFRa_AREF.txt," hs430.1b, hs430.2b, hs430.3b, hs430.4b, hs430.6",ASDFR,FALSE,a, halide, KMgCl3*6H2O, usgs denver spectroscopy laboratory,misc-gen,carnallite
130,Carnallite_HS430.2B_ASDFRa_AREF.txt," hs430.1b, hs430.2b, hs430.3b, hs430.4b, hs430.6",ASDFR,FALSE,a, halide, KMgCl3*6H2O, usgs denver spectroscopy laboratory,misc-gen,carnallite
131,Carnallite_HS430.3B_ASDFRa_AREF.txt," hs430.1b, hs430.2b, hs430.3b, hs430.4b, hs430.6",ASDFR,FALSE,a, halide, KMgCl3*6H2O, usgs denver spectroscopy laboratory,misc-gen,carnallite
132,Carnallite_HS430.4B_ASDFRa_AREF.txt," hs430.1b, hs430.2b, hs430.3b, hs430.4b, hs430.6",ASDFR,FALSE,a, halide, KMgCl3*6H2O, usgs denver spectroscopy laboratory,misc-gen,carnallite
133,Beryl_HS180.1B_ASDFRa_AREF.txt," hs180.1b, hs180.2b, hs180.3b, hs180.4b, hs180.6",ASDFR,TRUE,a, cyclosilicate, Be3Al2Si6O18, usgs denver spectroscopy laboratory,misc-silicate,beryl
134,Beryl_HS180.3B_ASDFRa_AREF.txt," hs180.1b, hs180.2b, hs180.3b, hs180.4b, hs180.6",ASDFR,TRUE,a, cyclosilicate, Be3Al2Si6O18, usgs denver spectroscopy laboratory,misc-silicate,beryl
135,Beryl_HS180.4B_ASDFRa_AREF.txt," hs180.1b, hs180.2b, hs180.3b, hs180.4b, hs180.6",ASDFR,TRUE,a, cyclosilicate, Be3Al2Si6O18, usgs denver spectroscopy laboratory,misc-silicate,beryl
136,Beryl_HS180.6_ASDFRa_AREF.txt," hs180.1b, hs180.2b, hs180.3b, hs180.4b, hs180.6",ASDFR,TRUE,a, cyclosilicate, Be3Al2Si6O18, usgs denver spectroscopy laboratory,misc-silicate,beryl
137,Chrysocolla_HS297.1B_ASDFRb_AREF.txt," hs297.1b, hs297.2b, hs297.3b, hs297.4b",ASDFR,FALSE,b, phyllosilicate," (Cu,Al)2H2Si2O5(OH)4*nH2O", usgs denver spectroscopy laboratory,misc-silicate,chrysocolla
138,Chrysocolla_HS297.2B_ASDFRb_AREF.txt," hs297.1b, hs297.2b, hs297.3b, hs297.4b",ASDFR,FALSE,b, phyllosilicate," (Cu,Al)2H2Si2O5(OH)4*nH2O", usgs denver spectroscopy laboratory,misc-silicate,chrysocolla
139,Chrysocolla_HS297.3B_ASDFRb_AREF.txt," hs297.1b, hs297.2b, hs297.3b, hs297.4b",ASDFR,FALSE,b, phyllosilicate," (Cu,Al)2H2Si2O5(OH)4*nH2O", usgs denver spectroscopy laboratory,misc-silicate,chrysocolla
140,Chrysocolla_HS297.4B_ASDFRb_AREF.txt," hs297.1b, hs297.2b, hs297.3b, hs297.4b",ASDFR,FALSE,b, phyllosilicate," (Cu,Al)2H2Si2O5(OH)4*nH2O", usgs denver spectroscopy laboratory,misc-silicate,chrysocolla
141,c:\2020\ecospeclib\mineral.silicate.cyclosilicate.coarse.vswir.cs-3a.jpl.perkin.spectrum.txt, cs-3a,Perk,FALSE,z, cyclosilicate,mg_2al_3(si_5al)o_18, jpl,misc-silicate,cordierite
142,c:\2020\ecospeclib\mineral.silicate.cyclosilicate.medium.vswir.cs-3a.jpl.perkin.spectrum.txt, cs-3a,Perk,FALSE,z, cyclosilicate,mg_2al_3(si_5al)o_18, jpl,misc-silicate,cordierite
143,Datolite_HS442.1B_ASDFRb_AREF.txt," hs442.1b, hs442.2b, hs442.3b, hs442.4b",ASDFR,FALSE,b, nesosilicate, CaBSiO4(OH), usgs denver spectroscopy laboratory,misc-silicate,datolite
144,Datolite_HS442.2B_ASDFRb_AREF.txt," hs442.1b, hs442.2b, hs442.3b, hs442.4b",ASDFR,FALSE,b, nesosilicate, CaBSiO4(OH), usgs denver spectroscopy laboratory,misc-silicate,datolite
145,c:\2020\ecospeclib\mineral.silicate.sorosilicate.coarse.vswir.ss-2a.jpl.perkin.spectrum.txt, ss-2a,Perk,FALSE,z, sorosilicate,zn_4si_2o_7(oh)_2.h_2o, jpl,misc-silicate,hemimorphite
146,c:\2020\ecospeclib\mineral.silicate.sorosilicate.fine.vswir.ss-2a.jpl.perkin.spectrum.txt, ss-2a,Perk,FALSE,z, sorosilicate,zn_4si_2o_7(oh)_2.h_2o, jpl,misc-silicate,hemimorphite
147,c:\2020\ecospeclib\mineral.silicate.sorosilicate.medium.vswir.ss-2a.jpl.perkin.spectrum.txt, ss-2a,Perk,FALSE,z, sorosilicate,zn_4si_2o_7(oh)_2.h_2o, jpl,misc-silicate,hemimorphite
148,c:\2020\ecospeclib\mineral.silicate.nesosilicate.coarse.vswir.ns-7a.jpl.perkin.spectrum.txt, ns-7a,Perk,FALSE,z, nesosilicate,catisio_5, jpl,misc-silicate,titanite
149,c:\2020\ecospeclib\mineral.silicate.nesosilicate.medium.vswir.ns-7a.jpl.perkin.spectrum.txt, ns-7a,Perk,FALSE,z, nesosilicate,catisio_5, jpl,misc-silicate,titanite
150,Vesuvianite_HS446.6_Idocras_ASDFRa_AREF.txt," hs446.1b, hs446.2b, hs446.3b, hs446.4b, hs446.6",ASDFR,FALSE,a, cyclosilicate, Ca10Mg2Al4(SiO4)5(Si2O7)2(OH)4, usgs denver spectroscopy laboratory,misc-silicate,vesuvianite
151,Olivine_GDS70.e_Fo89_lt30um_ASDNGb_AREF.txt," gds70.a, gds70.b, gds70.c, gds70.d, gds70.e",ASDNG,TRUE,b, nesosilicate, Mg2SiO4-Fe2SiO4  Fo89, usgs denver spectroscopy laboratory,olivine,olivine
152,Olivine_HS285.2B_Fo80_ASDFRb_AREF.txt," hs285.2b, hs285.4b",ASDFR,FALSE,b, nesosilicate, Mg2SiO4-Fe2SiO4  Fo80, usgs denver spectroscopy laboratory,olivine,olivine
153,Gibbsite_HS423.1B_ASDFRb_AREF.txt," hs423.1b, hs423.2b, hs423.3b, hs423.4b, hs423.6",ASDFR,FALSE,b, hydroxide, Al(OH)3, usgs denver spectroscopy laboratory,other-aloh,gibbsite
154,Gibbsite_HS423.2B_ASDFRb_AREF.txt," hs423.1b, hs423.2b, hs423.3b, hs423.4b, hs423.6",ASDFR,FALSE,b, hydroxide, Al(OH)3, usgs denver spectroscopy laboratory,other-aloh,gibbsite
155,Gibbsite_HS423.3B_ASDFRb_AREF.txt," hs423.1b, hs423.2b, hs423.3b, hs423.4b, hs423.6",ASDFR,FALSE,b, hydroxide, Al(OH)3, usgs denver spectroscopy laboratory,other-aloh,gibbsite
156,c:\2020\ecospeclib\mineral.silicate.phyllosilicate.coarse.vswir.ps-21a.jpl.perkin.spectrum.txt, ps-21a,Perk,FALSE,z, phyllosilicate,ca_2al_2si_3o_10(oh)_2, jpl,other-aloh,prehnite
157,c:\2020\ecospeclib\mineral.silicate.phyllosilicate.medium.vswir.ps-21a.jpl.perkin.spectrum.txt, ps-21a,Perk,FALSE,z, phyllosilicate,ca_2al_2si_3o_10(oh)_2, jpl,other-aloh,prehnite
158,Prehnite_GDS613.b_gt60um_ASDFRa_AREF.txt," gds613.a, gds613.b",ASDFR,FALSE,a, phyllosilicate, Ca2Al2Si3O10(OH)2, usgs denver spectroscopy laboratory,other-aloh,prehnite
159,Pyrophyllite_PYS1A_gt250um_ASDNGa_AREF.txt," pys1a >250um, pys1a <850um, pys1a fine gr, pys1a <5um (gds29)",ASDNG,TRUE,a, phyllosilicate, Al2Si4O10(OH)2, usgs denver spectroscopy laboratory,other-aloh,pyrophyllite
160,Pyrophyllite_PYS1A_lt5um_ASDNGa_AREF.txt," pys1a >250um, pys1a <850um, pys1a fine gr, pys1a <5um (gds29)",ASDNG,TRUE,a, phyllosilicate, Al2Si4O10(OH)2, usgs denver spectroscopy laboratory,other-aloh,pyrophyllite
161,Pyrophyllite_PYS1A_lt850um_ASDNGa_AREF.txt," pys1a >250um, pys1a <850um, pys1a fine gr, pys1a <5um (gds29)",ASDNG,TRUE,a, phyllosilicate, Al2Si4O10(OH)2, usgs denver spectroscopy laboratory,other-aloh,pyrophyllite
162,c:\2020\ecospeclib\mineral.hydroxide.none.coarse.vswir.oh-1a.jpl.perkin.spectrum.txt, oh-1a,Perk,FALSE,z, none,mg(oh)_2, jpl,other-mgoh,brucite
163,c:\2020\ecospeclib\mineral.hydroxide.none.fine.vswir.oh-1a.jpl.perkin.spectrum.txt, oh-1a,Perk,FALSE,z, none,mg(oh)_2, jpl,other-mgoh,brucite
164,c:\2020\ecospeclib\mineral.hydroxide.none.medium.vswir.oh-1a.jpl.perkin.spectrum.txt, oh-1a,Perk,FALSE,z, none,mg(oh)_2, jpl,other-mgoh,brucite
165,Talc_HS21.1B_ASDFRb_AREF.txt," hs21.1b, hs21.2b, hs21.3b, hs21.4b",ASDFR,TRUE,b, phyllosilicate, Mg3Si4O10(OH)2, usgs denver spectroscopy laboratory,other-mgoh,talc
166,Talc_HS21.3B_ASDFRb_AREF.txt," hs21.1b, hs21.2b, hs21.3b, hs21.4b",ASDFR,TRUE,b, phyllosilicate, Mg3Si4O10(OH)2, usgs denver spectroscopy laboratory,other-mgoh,talc
167,Talc_HS21.4B_ASDFRb_AREF.txt," hs21.1b, hs21.2b, hs21.3b, hs21.4b",ASDFR,TRUE,b, phyllosilicate, Mg3Si4O10(OH)2, usgs denver spectroscopy laboratory,other-mgoh,talc
168,Goethite_GDS134_ASDFRb_AREF.txt, gds134,ASDFR,FALSE,b, hydroxide, alpha-FeO(OH), usgs denver spectroscopy laboratory,oxide,goethite
169,c:\2020\ecospeclib\mineral.oxide.none.fine.vswir.o-1a.jpl.perkin.spectrum.txt, o-1a,Perk,FALSE,z, none,fe_2o_3, jpl,oxide,hematite
170,c:\2020\ecospeclib\mineral.oxide.none.fine.vswir.o-1b.jpl.perkin.spectrum.txt, o-1b,Perk,FALSE,z, none,fe_2o_3, jpl,oxide,hematite
171,Hematite_HS45.3_ASDFRb_AREF.txt, hs45.3,ASDFR,FALSE,b, oxide, alpha-Fe2O3, usgs denver spectroscopy laboratory,oxide,hematite
172,c:\2020\ecospeclib\mineral.silicate.phyllosilicate.fine.vswir.ps-4a.jpl.perkin.spectrum.txt, ps-4a,Perk,FALSE,z, phyllosilicate,"(mg,al)_2si_4o_10(oh).4h_2o", jpl,pal-sep,palygorskite
173,c:\2020\ecospeclib\mineral.silicate.phyllosilicate.coarse.vswir.ps-5a.jpl.perkin.spectrum.txt, ps-5a,Perk,FALSE,z, phyllosilicate,mg_4si_6o_15(oh)_2.6h_2o, jpl,pal-sep,sepiolite
174,c:\2020\ecospeclib\mineral.silicate.phyllosilicate.fine.vswir.ps-5a.jpl.perkin.spectrum.txt, ps-5a,Perk,FALSE,z, phyllosilicate,mg_4si_6o_15(oh)_2.6h_2o, jpl,pal-sep,sepiolite
175,c:\2020\ecospeclib\mineral.silicate.phyllosilicate.medium.vswir.ps-5a.jpl.perkin.spectrum.txt, ps-5a,Perk,FALSE,z, phyllosilicate,mg_4si_6o_15(oh)_2.6h_2o, jpl,pal-sep,sepiolite
176,Monazite_HS255.1B_ASDFRb_AREF.txt," hs255.1b, hs255.2b, hs255.3b, hs255.4b",ASDFR,FALSE,b, phosphate," (Ce,La,Nd,Th)PO4", usgs denver spectroscopy laboratory,phosphate,monazite
177,Monazite_HS255.2B_ASDFRb_AREF.txt," hs255.1b, hs255.2b, hs255.3b, hs255.4b",ASDFR,FALSE,b, phosphate," (Ce,La,Nd,Th)PO4", usgs denver spectroscopy laboratory,phosphate,monazite
178,Monazite_HS255.3B_ASDFRb_AREF.txt," hs255.1b, hs255.2b, hs255.3b, hs255.4b",ASDFR,FALSE,b, phosphate," (Ce,La,Nd,Th)PO4", usgs denver spectroscopy laboratory,phosphate,monazite
179,Monazite_HS255.4B_ASDFRb_AREF.txt," hs255.1b, hs255.2b, hs255.3b, hs255.4b",ASDFR,FALSE,b, phosphate," (Ce,La,Nd,Th)PO4", usgs denver spectroscopy laboratory,phosphate,monazite
180,Monazite_REE_GDS947_Calif_ASDFRb_AREF.txt, gds947,ASDFR,FALSE,b, phosphate," (Ce,La,Nd,Th)PO4", usgs denver spectroscopy laboratory,phosphate,monazite
181,Monazite_REE_GDS955_Iveland_ASDFRb_AREF.txt, gds955,ASDFR,FALSE,b, phosphate," (Ce,La,Nd,Th)PO4", usgs denver spectroscopy laboratory,phosphate,monazite
182,Pyromorphite_REE_WS427_xtl_ASDFRa_AREF.txt, ws427 xtl,ASDFR,FALSE,a, phosphate, Pb5(PO4)3Cl, usgs denver spectroscopy laboratory,phosphate,pyromorphite
183,Xenotime_GDS966_Iveland_REE_ASDFRa_AREF.txt, gds966,ASDFR,FALSE,a, phosphate, Y(PO4), u.s.g.s. denver spectroscopy laboratory.,phosphate,xenotime
184,Chalcedony_CU91-6A_ASDNGa_AREF.txt, cu91-6a,ASDNG,FALSE,a, tectosilicate, SiO2, usgs denver spectroscopy laboratory,silica,chalcedony
185,c:\2020\ecospeclib\mineral.arsenate.none.coarse.vswir.a-2a.jpl.perkin.spectrum.txt, a-2a,Perk,FALSE,z, none,fe^3+aso_4.2h_2o, jpl,scorodite,scorodite
186,c:\2020\ecospeclib\mineral.arsenate.none.fine.vswir.a-2a.jpl.perkin.spectrum.txt, a-2a,Perk,FALSE,z, none,fe^3+aso_4.2h_2o, jpl,scorodite,scorodite
187,c:\2020\ecospeclib\mineral.arsenate.none.medium.vswir.a-2a.jpl.perkin.spectrum.txt, a-2a,Perk,FALSE,z, none,fe^3+aso_4.2h_2o, jpl,scorodite,scorodite
188,Antigorite_NMNH96917.a_gt250_ASDNGb_AREF.txt," nmnh96917.a, nmnh96917.b, nmnh96917.c, nmnh96917.d, nmnh96917.e, nmnh96917.f",ASDNG,TRUE,b, phyllosilicate," (Mg,Fe+2)3Si2O5(OH)4", usgs denver spectroscopy laboratory,serpentine,antigorite
189,Antigorite_NMNH96917.b_165um_ASDNGb_AREF.txt," nmnh96917.a, nmnh96917.b, nmnh96917.c, nmnh96917.d, nmnh96917.e, nmnh96917.f",ASDNG,TRUE,b, phyllosilicate," (Mg,Fe+2)3Si2O5(OH)4", usgs denver spectroscopy laboratory,serpentine,antigorite
190,Chrysotile_ML99-12A_Coar_Fib_ASDFRb_AREF.txt, ml99-12a,ASDFR,FALSE,b, phyllosilicate, Mg3Si2O5(OH)4, u.s.g.s. denver spectroscopy laboratory.,serpentine,chrysotile
191,c:\2020\ecospeclib\mineral.silicate.phyllosilicate.coarse.vswir.ps-20a.jpl.perkin.spectrum.txt, ps-20a,Perk,FALSE,z, phyllosilicate,"(mg,fe^2+,ni)si_2o_5(oh)_4", jpl,serpentine,serpentine
192,c:\2020\ecospeclib\mineral.silicate.phyllosilicate.fine.vswir.ps-20a.jpl.perkin.spectrum.txt, ps-20a,Perk,FALSE,z, phyllosilicate,"(mg,fe^2+,ni)si_2o_5(oh)_4", jpl,serpentine,serpentine
193,c:\2020\ecospeclib\mineral.silicate.phyllosilicate.medium.vswir.ps-20a.jpl.perkin.spectrum.txt, ps-20a,Perk,FALSE,z, phyllosilicate,"(mg,fe^2+,ni)si_2o_5(oh)_4", jpl,serpentine,serpentine
194,Opal_TM8896_(Hyalite)_ASDNGa_AREF.txt, tm8896,ASDNG,FALSE,a, tectosilicate, SiO2*nH2O, usgs denver spectroscopy laboratory,silica,opal
195,Beidellite_GDS124_ASDFRb_AREF.txt, gds124,ASDFR,FALSE,b, phyllosilicate," (Na,Ca,0.33 Al2[Si3.5Al0.5O10(OH)2]*nH2O", usgs denver spectroscopy laboratory,smectite,beidellite
196,c:\2020\ecospeclib\mineral.silicate.phyllosilicate.fine.vswir.ps-2b.jpl.perkin.spectrum.txt, ps-2b,Perk,FALSE,z, phyllosilicate,"(na,ca)_0.33(al,mg)_2si_4o_10(oh)_2.h_2o", jpl,smectite,montmorillonite
197,c:\2020\ecospeclib\mineral.silicate.phyllosilicate.fine.vswir.ps-2d.jpl.perkin.spectrum.txt, ps-2d,Perk,FALSE,z, phyllosilicate,"(na,ca)_0.33(al,mg)_2si_4o_10(oh)_2.h_2o", jpl,smectite,montmorillonite
198,Montmorillonite_SAz-1_ASDNGb_AREF.txt, saz-1,ASDNG,TRUE,b, phyllosilicate," (Na,Ca)0.33(Al,Mg)2Si4O10(OH)2*nH20", usgs denver spectroscopy laboratory,smectite,montmorillonite
199,Montmorillonite_SWy-1_ASDNGb_AREF.txt, swy-1,ASDNG,TRUE,b, phyllosilicate," (Na,Ca)0.33(Al,Mg)2Si4O10(OH)2*nH20", usgs denver spectroscopy laboratory,smectite,montmorillonite
200,c:\2020\ecospeclib\mineral.silicate.phyllosilicate.fine.vswir.ps-6b.jpl.perkin.spectrum.txt, ps-6b,Perk,FALSE,z, phyllosilicate,"na_0.33fe_2^3+(si,al)_4o_10(oh)_2.h_2o", jpl,smectite,nontronite
201,c:\2020\ecospeclib\mineral.silicate.phyllosilicate.medium.vswir.ps-6b.jpl.perkin.spectrum.txt, ps-6b,Perk,FALSE,z, phyllosilicate,"na_0.33fe_2^3+(si,al)_4o_10(oh)_2.h_2o", jpl,smectite,nontronite
202,Nontronite_NG-1.a_ASDNGb_AREF.txt," ng-1.a, ng-1.b",ASDNG,TRUE,b, phyllosilicate," Na0.33(Fe+3)2(Si,Al)4O10*nH20", usgs denver spectroscopy laboratory,smectite,nontronite
203,c:\2020\ecospeclib\mineral.silicate.phyllosilicate.fine.vswir.ps-24a.jpl.perkin.spectrum.txt, ps-24a,Perk,FALSE,z, phyllosilicate,"(ca/2,na)_0.33(mg,fe^2+)_3(si,al)_4o_10(oh)_2.4h_2o", jpl,smectite,saponite
204,c:\2020\ecospeclib\mineral.sulfate.none.coarse.vswir.so-4a.jpl.perkin.spectrum.txt, so-4a,Perk,FALSE,z, none,kal_3(so_4)_2(oh)_6, jpl,sulphate,alunite
205,c:\2020\ecospeclib\mineral.sulfate.none.medium.vswir.so-4a.jpl.perkin.spectrum.txt, so-4a,Perk,FALSE,z, none,kal_3(so_4)_2(oh)_6, jpl,sulphate,alunite
206,Alunite_HS295.3B_ASDFRa_AREF.txt," hs295.1b, hs295, hs295.3b, hs295.4b, hs295.6",ASDFR,TRUE,a, sulfate, KAl3(SO4)2(OH)6, usgs denver spectroscopy laboratory,sulphate,alunite
207,Alunite_HS295.3B_ASDNGa_AREF.txt," hs295.1b, hs295, hs295.3b, hs295.4b, hs295.6",ASDNG,TRUE,a, sulfate, KAl3(SO4)2(OH)6, usgs denver spectroscopy laboratory,sulphate,alunite
208,Alunite_HS295.4B_ASDFRa_AREF.txt," hs295.1b, hs295, hs295.3b, hs295.4b, hs295.6",ASDFR,TRUE,a, sulfate, KAl3(SO4)2(OH)6, usgs denver spectroscopy laboratory,sulphate,alunite
209,c:\2020\ecospeclib\mineral.sulfate.none.coarse.vswir.so-11a.jpl.perkin.spectrum.txt, so-11a,Perk,FALSE,z, none,cu_3(so_4)(oh)_4, jpl,sulphate,antlerite
210,c:\2020\ecospeclib\mineral.sulfate.none.fine.vswir.so-11a.jpl.perkin.spectrum.txt, so-11a,Perk,FALSE,z, none,cu_3(so_4)(oh)_4, jpl,sulphate,antlerite
211,c:\2020\ecospeclib\mineral.sulfate.none.medium.vswir.so-11a.jpl.perkin.spectrum.txt, so-11a,Perk,FALSE,z, none,cu_3(so_4)(oh)_4, jpl,sulphate,antlerite
212,c:\2020\ecospeclib\mineral.sulfate.none.coarse.vswir.so-2b.jpl.perkin.spectrum.txt, so-2b,Perk,FALSE,z, none,caso_4.2h_2o, jpl,sulphate,gypsum
213,c:\2020\ecospeclib\mineral.sulfate.none.fine.vswir.so-2b.jpl.perkin.spectrum.txt, so-2b,Perk,FALSE,z, none,caso_4.2h_2o, jpl,sulphate,gypsum
214,c:\2020\ecospeclib\mineral.sulfate.none.medium.vswir.so-2b.jpl.perkin.spectrum.txt, so-2b,Perk,FALSE,z, none,caso_4.2h_2o, jpl,sulphate,gypsum
215,Gypsum_HS333.1B_(Selenite)_ASDFRa_AREF.txt," hs333.1b, hs333.2b, hs333.3b, hs333.4b",ASDFR,FALSE,a, sulfate, CaSO4*2H20, usgs denver spectroscopy laboratory,sulphate,gypsum
216,Gypsum_HS333.2B_(Selenite)_ASDFRa_AREF.txt," hs333.1b, hs333.2b, hs333.3b, hs333.4b",ASDFR,FALSE,a, sulfate, CaSO4*2H20, usgs denver spectroscopy laboratory,sulphate,gypsum
217,Gypsum_HS333.3B_(Selenite)_ASDFRa_AREF.txt," hs333.1b, hs333.2b, hs333.3b, hs333.4b",ASDFR,FALSE,a, sulfate, CaSO4*2H20, usgs denver spectroscopy laboratory,sulphate,gypsum
218,Gypsum_HS333.3B_(Selenite)_ASDNGa_AREF.txt," hs333.1b, hs333.2b, hs333.3b, hs333.4b",ASDNG,FALSE,a, sulfate, CaSO4*2H20, usgs denver spectroscopy laboratory,sulphate,gypsum
219,Jarosite_GDS636_K_Penalt325um_ASDNGa_AREF.txt, gds636 ,ASDNG,FALSE,a, sulfate, K(Fe3+)3(SO4)2(OH)6, denver gds collection,sulphate,jarosite
220,c:\2020\ecospeclib\mineral.sulfate.none.coarse.vswir.so-7c.jpl.perkin.spectrum.txt, so-7c,Perk,FALSE,z, none,nafe_3^3+(so_4)_2(oh)_6, jpl,sulphate,natrojarosite
221,c:\2020\ecospeclib\mineral.sulfate.none.fine.vswir.so-7c.jpl.perkin.spectrum.txt, so-7c,Perk,FALSE,z, none,nafe_3^3+(so_4)_2(oh)_6, jpl,sulphate,natrojarosite
222,c:\2020\ecospeclib\mineral.sulfate.none.medium.vswir.so-7c.jpl.perkin.spectrum.txt, so-7c,Perk,FALSE,z, none,nafe_3^3+(so_4)_2(oh)_6, jpl,sulphate,natrojarosite
223,c:\2020\ecospeclib\mineral.silicate.cyclosilicate.fine.vswir.cs-1a.jpl.perkin.spectrum.txt, cs-1a,Perk,FALSE,z, cyclosilicate,"na(mg_3,fe_3^2+)al_6(bo_3)_3si_6o_18(oh)_4", jpl,tourmaline,tourmaline
224,c:\2020\ecospeclib\mineral.silicate.cyclosilicate.medium.vswir.cs-1a.jpl.perkin.spectrum.txt, cs-1a,Perk,FALSE,z, cyclosilicate,"na(mg_3,fe_3^2+)al_6(bo_3)_3si_6o_18(oh)_4", jpl,tourmaline,tourmaline
225,Illite_GDS4.2_Marblehead_ASDNGb_AREF.txt," gds4, gds4.2",ASDNG,TRUE,b, phyllosilicate," (K,H3O)(Al,Mg,Fe)2(Si,Al)4O10[(OH)2,H2O]", usgs denver spectroscopy laboratory,white-mica,illite
226,Illite_GDS4_Marblehead_ASDNGb_AREF.txt," gds4, gds4.2",ASDNG,TRUE,b, phyllosilicate," (K,H3O)(Al,Mg,Fe)2(Si,Al)4O10[(OH)2,H2O]", usgs denver spectroscopy laboratory,white-mica,illite
227,c:\2020\ecospeclib\mineral.silicate.phyllosilicate.coarse.vswir.ps-13b.jpl.perkin.spectrum.txt, ps-13b,Perk,FALSE,z, phyllosilicate,"k(li,al)3(si,al)_4o_10(f,oh)_2", jpl,white-mica,lepidolite
228,c:\2020\ecospeclib\mineral.silicate.phyllosilicate.fine.vswir.ps-13b.jpl.perkin.spectrum.txt, ps-13b,Perk,FALSE,z, phyllosilicate,"k(li,al)3(si,al)_4o_10(f,oh)_2", jpl,white-mica,lepidolite
229,c:\2020\ecospeclib\mineral.silicate.phyllosilicate.medium.vswir.ps-13b.jpl.perkin.spectrum.txt, ps-13b,Perk,FALSE,z, phyllosilicate,"k(li,al)3(si,al)_4o_10(f,oh)_2", jpl,white-mica,lepidolite
230,Lepidolite_HS167.2B_ASDFRb_AREF.txt," hs167.1b, hs167.2b, hs167.3b, hs167.4b, hs167.6",ASDFR,FALSE,b, phyllosilicate," K(Li,Al)3(Si,Al)4O10(F,OH)2", usgs denver spectroscopy laboratory,white-mica,lepidolite
231,Lepidolite_HS167.3B_ASDFRb_AREF.txt," hs167.1b, hs167.2b, hs167.3b, hs167.4b, hs167.6",ASDFR,FALSE,b, phyllosilicate," K(Li,Al)3(Si,Al)4O10(F,OH)2", usgs denver spectroscopy laboratory,white-mica,lepidolite
232,Lepidolite_HS167.4B_ASDFRb_AREF.txt," hs167.1b, hs167.2b, hs167.3b, hs167.4b, hs167.6",ASDFR,FALSE,b, phyllosilicate," K(Li,Al)3(Si,Al)4O10(F,OH)2", usgs denver spectroscopy laboratory,white-mica,lepidolite
233,Muscovite_GDS113a_Ruby_ASDNGa_AREF.txt," gds113, gds113a",ASDNG,TRUE,a, phyllosilicate, KAl2Si3O10(OH)2, usgs denver spectroscopy laboratory,white-mica,muscovite
234,Muscovite_GDS116a_Tanzania_ASDNGa_AREF.txt," gds116, gds116a",ASDNG,TRUE,a, phyllosilicate, KAl2Si3O10(OH)2, usgs denver spectroscopy laboratory,white-mica,muscovite
235,Muscovite_GDS116_Tanzania_ASDNGa_AREF.txt," gds116, gds116a",ASDNG,TRUE,a, phyllosilicate, KAl2Si3O10(OH)2, usgs denver spectroscopy laboratory,white-mica,muscovite
236,Muscovite_HS146.1B_ASDFRa_AREF.txt," hs146.1b, hs146.3b, hs146.4b",ASDFR,FALSE,a, phyllosilicate, KAl2Si3O10(OH)2, usgs denver spectroscopy laboratory,white-mica,muscovite
237,Muscovite_HS146.3B_ASDFRa_AREF.txt," hs146.1b, hs146.3b, hs146.4b",ASDFR,FALSE,a, phyllosilicate, KAl2Si3O10(OH)2, usgs denver spectroscopy laboratory,white-mica,muscovite
238,Muscovite_HS146.4B_ASDFRa_AREF.txt," hs146.1b, hs146.3b, hs146.4b",ASDFR,FALSE,a, phyllosilicate, KAl2Si3O10(OH)2, usgs denver spectroscopy laboratory,white-mica,muscovite
239,c:\2020\ecospeclib\mineral.silicate.tectosilicate.coarse.vswir.ts-8a.jpl.perkin.spectrum.txt, ts-8a,Perk,FALSE,z, tectosilicate,na_2al_2si_3o_10.2h_2o, jpl,zeolite,natrolite
240,c:\2020\ecospeclib\mineral.silicate.tectosilicate.fine.vswir.ts-8a.jpl.perkin.spectrum.txt, ts-8a,Perk,FALSE,z, tectosilicate,na_2al_2si_3o_10.2h_2o, jpl,zeolite,natrolite
241,c:\2020\ecospeclib\mineral.silicate.tectosilicate.medium.vswir.ts-8a.jpl.perkin.spectrum.txt, ts-8a,Perk,FALSE,z, tectosilicate,na_2al_2si_3o_10.2h_2o, jpl,zeolite,natrolite
242,Natrolite_HS169.1B_Zeolite_ASDFRb_AREF.txt," hs169.1b, hs169.2b, hs169.3b, hs169.4b",ASDFR,FALSE,b, tectosilicate, Na2Al2Si3O10*2H20, usgs denver spectroscopy laboratory,zeolite,natrolite
243,Natrolite_HS169.2B_Zeolite_ASDFRb_AREF.txt," hs169.1b, hs169.2b, hs169.3b, hs169.4b",ASDFR,FALSE,b, tectosilicate, Na2Al2Si3O10*2H20, usgs denver spectroscopy laboratory,zeolite,natrolite
244,Natrolite_HS169.3B_Zeolite_ASDFRb_AREF.txt," hs169.1b, hs169.2b, hs169.3b, hs169.4b",ASDFR,FALSE,b, tectosilicate, Na2Al2Si3O10*2H20, usgs denver spectroscopy laboratory,zeolite,natrolite
245,Natrolite_HS169.4B_Zeolite_ASDFRb_AREF.txt," hs169.1b, hs169.2b, hs169.3b, hs169.4b",ASDFR,FALSE,b, tectosilicate, Na2Al2Si3O10*2H20, usgs denver spectroscopy laboratory,zeolite,natrolite
246,c:\2020\ecospeclib\mineral.silicate.tectosilicate.coarse.vswir.ts-9a.jpl.perkin.spectrum.txt, ts-9a,Perk,FALSE,z, tectosilicate,naca_2al_5si_3o_36.14h_2o, jpl,zeolite,stilbite
