,file,sample_id,instrument,analysis,purity,mineral_type,formula,sample_location,group,mineral
0,none,78,unknown,unknown,unknown,unknown,unknown,unknown,amphibole,actinolite
1,none,78,unknown,unknown,unknown,unknown,unknown,unknown,amphibole,actinolite
2,none,218,unknown,unknown,unknown,unknown,unknown,unknown,pyroxene,aegirine
3,none,218,unknown,unknown,unknown,unknown,unknown,unknown,pyroxene,aegirine
4,none,13,unknown,unknown,unknown,unknown,unknown,unknown,plagioclase,albite
5,none,13,unknown,unknown,unknown,unknown,unknown,unknown,plagioclase,albite
6,none,13,unknown,unknown,unknown,unknown,unknown,unknown,plagioclase,albite
7,none,22,unknown,unknown,unknown,unknown,unknown,unknown,garnet,almandine
8,none,123,unknown,unknown,unknown,unknown,unknown,unknown,sulphate,alunite-k
9,none,123,unknown,unknown,unknown,unknown,unknown,unknown,sulphate,alunite-k
10,none,123,unknown,unknown,unknown,unknown,unknown,unknown,sulphate,alunite-k
11,none,124,unknown,unknown,unknown,unknown,unknown,unknown,sulphate,alunite-na
12,none,79,unknown,unknown,unknown,unknown,unknown,unknown,amphibole,amphiboleml48
13,none,39,unknown,unknown,unknown,unknown,unknown,unknown,zeolite,analcime
14,none,32,unknown,unknown,unknown,unknown,unknown,unknown,misc-silicate,andalusite
15,none,32,unknown,unknown,unknown,unknown,unknown,unknown,misc-silicate,andalusite
16,none,17,unknown,unknown,unknown,unknown,unknown,unknown,plagioclase,andesine
17,none,17,unknown,unknown,unknown,unknown,unknown,unknown,plagioclase,andesine
18,none,19,unknown,unknown,unknown,unknown,unknown,unknown,garnet,andradite
19,none,126,unknown,unknown,unknown,unknown,unknown,unknown,sulphate,anhydrite
20,none,115,unknown,unknown,unknown,unknown,unknown,unknown,carbonate,ankerite
21,none,14,unknown,unknown,unknown,unknown,unknown,unknown,plagioclase,anorthite
22,none,10,unknown,unknown,unknown,unknown,unknown,unknown,k-feldspar,anorthoclase
23,none,10,unknown,unknown,unknown,unknown,unknown,unknown,k-feldspar,anorthoclase
24,none,86,unknown,unknown,unknown,unknown,unknown,unknown,amphibole,anthophyllite
25,none,86,unknown,unknown,unknown,unknown,unknown,unknown,amphibole,anthophyllite
26,none,95,unknown,unknown,unknown,unknown,unknown,unknown,serpentine,antigorite
27,none,130,unknown,unknown,unknown,unknown,unknown,unknown,phosphate,apatite
28,none,118,unknown,unknown,unknown,unknown,unknown,unknown,carbonate,aragonite
29,none,92,unknown,unknown,unknown,unknown,unknown,unknown,amphibole,arfvedsonite
30,none,25,unknown,unknown,unknown,unknown,unknown,unknown,pyroxene,augite
31,none,25,unknown,unknown,unknown,unknown,unknown,unknown,pyroxene,augite
32,none,25,unknown,unknown,unknown,unknown,unknown,unknown,pyroxene,augite
33,none,25,unknown,unknown,unknown,unknown,unknown,unknown,pyroxene,augite
34,none,25,unknown,unknown,unknown,unknown,unknown,unknown,pyroxene,augite
35,none,25,unknown,unknown,unknown,unknown,unknown,unknown,pyroxene,augite
36,none,65,unknown,unknown,unknown,unknown,unknown,unknown,other-aloh,axinite
37,none,113,unknown,unknown,unknown,unknown,unknown,unknown,carbonate,azurite
38,none,127,unknown,unknown,unknown,unknown,unknown,unknown,sulphate,barite
39,none,75,unknown,unknown,unknown,unknown,unknown,unknown,dark-mica,biotite
40,none,75,unknown,unknown,unknown,unknown,unknown,unknown,dark-mica,biotite
41,none,15,unknown,unknown,unknown,unknown,unknown,unknown,plagioclase,bytownite
42,none,119,unknown,unknown,unknown,unknown,unknown,unknown,carbonate,calcite
43,none,119,unknown,unknown,unknown,unknown,unknown,unknown,carbonate,calcite
44,none,133,unknown,unknown,unknown,unknown,unknown,unknown,oxide,cassiterite
45,none,109,unknown,unknown,unknown,unknown,unknown,unknown,carbonate,cerussite
46,none,40,unknown,unknown,unknown,unknown,unknown,unknown,zeolite,chabazite
47,none,72,unknown,unknown,unknown,unknown,unknown,unknown,chlorite,chlorite-fe
48,none,73,unknown,unknown,unknown,unknown,unknown,unknown,chlorite,chlorite-femg
49,none,73,unknown,unknown,unknown,unknown,unknown,unknown,chlorite,chlorite-femg
50,none,138,unknown,unknown,unknown,unknown,unknown,unknown,oxide,chromite
51,none,33,unknown,unknown,unknown,unknown,unknown,unknown,misc-silicate,cordierite
52,none,26,unknown,unknown,unknown,unknown,unknown,unknown,pyroxene,diopside
53,none,26,unknown,unknown,unknown,unknown,unknown,unknown,pyroxene,diopside
54,none,26,unknown,unknown,unknown,unknown,unknown,unknown,pyroxene,diopside
55,none,26,unknown,unknown,unknown,unknown,unknown,unknown,pyroxene,diopside
56,none,26,unknown,unknown,unknown,unknown,unknown,unknown,pyroxene,diopside
57,none,120,unknown,unknown,unknown,unknown,unknown,unknown,carbonate,dolomite
58,none,80,unknown,unknown,unknown,unknown,unknown,unknown,amphibole,edenite
59,none,80,unknown,unknown,unknown,unknown,unknown,unknown,amphibole,edenite
60,none,28,unknown,unknown,unknown,unknown,unknown,unknown,enstatite,enstatite
61,none,28,unknown,unknown,unknown,unknown,unknown,unknown,enstatite,enstatite
62,none,102,unknown,unknown,unknown,unknown,unknown,unknown,epidote,epidote
63,none,139,unknown,unknown,unknown,unknown,unknown,unknown,oxide,gahnite
64,none,88,unknown,unknown,unknown,unknown,unknown,unknown,amphibole,gedrite
65,none,179,unknown,unknown,unknown,unknown,unknown,unknown,white-mica,glauconite
66,none,179,unknown,unknown,unknown,unknown,unknown,unknown,white-mica,glauconite
67,none,93,unknown,unknown,unknown,unknown,unknown,unknown,amphibole,glaucophane
68,none,134,unknown,unknown,unknown,unknown,unknown,unknown,oxide,goethite
69,none,134,unknown,unknown,unknown,unknown,unknown,unknown,oxide,goethite
70,none,20,unknown,unknown,unknown,unknown,unknown,unknown,garnet,grossular
71,none,20,unknown,unknown,unknown,unknown,unknown,unknown,garnet,grossular
72,none,89,unknown,unknown,unknown,unknown,unknown,unknown,amphibole,grunerite
73,none,128,unknown,unknown,unknown,unknown,unknown,unknown,sulphate,gypsum
74,none,27,unknown,unknown,unknown,unknown,unknown,unknown,pyroxene,hedenbergite
75,none,27,unknown,unknown,unknown,unknown,unknown,unknown,pyroxene,hedenbergite
76,none,27,unknown,unknown,unknown,unknown,unknown,unknown,pyroxene,hedenbergite
77,none,135,unknown,unknown,unknown,unknown,unknown,unknown,oxide,hematite
78,none,41,unknown,unknown,unknown,unknown,unknown,unknown,zeolite,heulandite
79,none,90,unknown,unknown,unknown,unknown,unknown,unknown,amphibole,holmquistite
80,none,82,unknown,unknown,unknown,unknown,unknown,unknown,amphibole,hornblende
81,none,82,unknown,unknown,unknown,unknown,unknown,unknown,amphibole,hornblende
82,none,82,unknown,unknown,unknown,unknown,unknown,unknown,amphibole,hornblende
83,none,136,unknown,unknown,unknown,unknown,unknown,unknown,oxide,ilmenite
84,none,217,unknown,unknown,unknown,unknown,unknown,unknown,pyroxene,jadeite
85,none,129,unknown,unknown,unknown,unknown,unknown,unknown,sulphate,jarosite
86,none,129,unknown,unknown,unknown,unknown,unknown,unknown,sulphate,jarosite
87,none,83,unknown,unknown,unknown,unknown,unknown,unknown,amphibole,kaersutite
88,none,50,unknown,unknown,unknown,unknown,unknown,unknown,kaolin,kaolinite-wx
89,none,224,unknown,unknown,unknown,unknown,unknown,unknown,pyroxene,kosmochlor
90,none,174,unknown,unknown,unknown,unknown,unknown,unknown,kyanite,kyanite
91,none,174,unknown,unknown,unknown,unknown,unknown,unknown,kyanite,kyanite
92,none,16,unknown,unknown,unknown,unknown,unknown,unknown,plagioclase,labradorite
93,none,16,unknown,unknown,unknown,unknown,unknown,unknown,plagioclase,labradorite
94,none,42,unknown,unknown,unknown,unknown,unknown,unknown,zeolite,laumontite
95,none,97,unknown,unknown,unknown,unknown,unknown,unknown,serpentine,lizardite
96,none,122,unknown,unknown,unknown,unknown,unknown,unknown,carbonate,magnesite
97,none,137,unknown,unknown,unknown,unknown,unknown,unknown,oxide,magnetite
98,none,114,unknown,unknown,unknown,unknown,unknown,unknown,carbonate,malachite
99,none,91,unknown,unknown,unknown,unknown,unknown,unknown,amphibole,manganocummingtonite
100,none,36,unknown,unknown,unknown,unknown,unknown,unknown,misc-silicate,marialite
101,none,36,unknown,unknown,unknown,unknown,unknown,unknown,misc-silicate,marialite
102,none,37,unknown,unknown,unknown,unknown,unknown,unknown,misc-silicate,meionite
103,none,43,unknown,unknown,unknown,unknown,unknown,unknown,zeolite,mesolite
104,none,11,unknown,unknown,unknown,unknown,unknown,unknown,k-feldspar,microcline
105,none,11,unknown,unknown,unknown,unknown,unknown,unknown,k-feldspar,microcline
106,none,11,unknown,unknown,unknown,unknown,unknown,unknown,k-feldspar,microcline
107,none,11,unknown,unknown,unknown,unknown,unknown,unknown,k-feldspar,microcline
108,none,59,unknown,unknown,unknown,unknown,unknown,unknown,smectite,montmorillonite
109,none,59,unknown,unknown,unknown,unknown,unknown,unknown,smectite,montmorillonite
110,none,53,unknown,unknown,unknown,unknown,unknown,unknown,white-mica,muscovite
111,none,53,unknown,unknown,unknown,unknown,unknown,unknown,white-mica,muscovite
112,none,53,unknown,unknown,unknown,unknown,unknown,unknown,white-mica,muscovite
113,none,53,unknown,unknown,unknown,unknown,unknown,unknown,white-mica,muscovite
114,none,44,unknown,unknown,unknown,unknown,unknown,unknown,zeolite,natrolite
115,none,61,unknown,unknown,unknown,unknown,unknown,unknown,smectite,nontronite
116,none,18,unknown,unknown,unknown,unknown,unknown,unknown,plagioclase,oligoclase
117,none,18,unknown,unknown,unknown,unknown,unknown,unknown,plagioclase,oligoclase
118,none,171,unknown,unknown,unknown,unknown,unknown,unknown,olivine,olivine-fe
119,none,170,unknown,unknown,unknown,unknown,unknown,unknown,olivine,olivine-mg
120,none,170,unknown,unknown,unknown,unknown,unknown,unknown,olivine,olivine-mg
121,none,225,unknown,unknown,unknown,unknown,unknown,unknown,pyroxene,omphacite
122,none,7,unknown,unknown,unknown,unknown,unknown,unknown,silica,opal
123,none,7,unknown,unknown,unknown,unknown,unknown,unknown,silica,opal
124,none,12,unknown,unknown,unknown,unknown,unknown,unknown,k-feldspar,orthoclase
125,none,150,unknown,unknown,unknown,unknown,unknown,unknown,pal-sep,palygorskite
126,none,226,unknown,unknown,unknown,unknown,unknown,unknown,misc-silicate,petalite
127,none,226,unknown,unknown,unknown,unknown,unknown,unknown,misc-silicate,petalite
128,none,57,unknown,unknown,unknown,unknown,unknown,unknown,white-mica,phengite
129,none,57,unknown,unknown,unknown,unknown,unknown,unknown,white-mica,phengite
130,none,45,unknown,unknown,unknown,unknown,unknown,unknown,zeolite,phillipsite
131,none,76,unknown,unknown,unknown,unknown,unknown,unknown,dark-mica,phlogopite
132,none,76,unknown,unknown,unknown,unknown,unknown,unknown,dark-mica,phlogopite
133,none,216,unknown,unknown,unknown,unknown,unknown,unknown,pyroxene,pigeonite
134,none,68,unknown,unknown,unknown,unknown,unknown,unknown,other-aloh,prehnite
135,none,68,unknown,unknown,unknown,unknown,unknown,unknown,other-aloh,prehnite
136,none,68,unknown,unknown,unknown,unknown,unknown,unknown,other-aloh,prehnite
137,none,68,unknown,unknown,unknown,unknown,unknown,unknown,other-aloh,prehnite
138,none,140,unknown,unknown,unknown,unknown,unknown,unknown,oxide,psilomelane
139,none,69,unknown,unknown,unknown,unknown,unknown,unknown,other-aloh,pyrophyllite
140,none,8,unknown,unknown,unknown,unknown,unknown,unknown,silica,quartz
141,none,8,unknown,unknown,unknown,unknown,unknown,unknown,silica,quartz
142,none,8,unknown,unknown,unknown,unknown,unknown,unknown,silica,quartz
143,none,8,unknown,unknown,unknown,unknown,unknown,unknown,silica,quartz
144,none,8,unknown,unknown,unknown,unknown,unknown,unknown,silica,quartz
145,none,8,unknown,unknown,unknown,unknown,unknown,unknown,silica,quartz
146,none,227,unknown,unknown,unknown,unknown,unknown,unknown,sulphate,retsgersite
147,none,116,unknown,unknown,unknown,unknown,unknown,unknown,carbonate,rhodochrosite
148,none,223,unknown,unknown,unknown,unknown,unknown,unknown,pyroxene,rhodonite
149,none,94,unknown,unknown,unknown,unknown,unknown,unknown,amphibole,riebeckite
150,none,142,unknown,unknown,unknown,unknown,unknown,unknown,oxide,rutile
151,none,117,unknown,unknown,unknown,unknown,unknown,unknown,carbonate,siderite
152,none,175,unknown,unknown,unknown,unknown,unknown,unknown,misc-silicate,sillimanite
153,none,175,unknown,unknown,unknown,unknown,unknown,unknown,misc-silicate,sillimanite
154,none,175,unknown,unknown,unknown,unknown,unknown,unknown,misc-silicate,sillimanite
155,none,175,unknown,unknown,unknown,unknown,unknown,unknown,misc-silicate,sillimanite
156,none,110,unknown,unknown,unknown,unknown,unknown,unknown,carbonate,smithsonite
157,none,24,unknown,unknown,unknown,unknown,unknown,unknown,garnet,spessartine
158,none,212,unknown,unknown,unknown,unknown,unknown,unknown,pyroxene,spodumene
159,none,212,unknown,unknown,unknown,unknown,unknown,unknown,pyroxene,spodumene
160,none,212,unknown,unknown,unknown,unknown,unknown,unknown,pyroxene,spodumene
161,none,212,unknown,unknown,unknown,unknown,unknown,unknown,pyroxene,spodumene
162,none,178,unknown,unknown,unknown,unknown,unknown,unknown,misc-silicate,staurolite
163,none,77,unknown,unknown,unknown,unknown,unknown,unknown,dark-mica,stilpnomelane
164,none,111,unknown,unknown,unknown,unknown,unknown,unknown,carbonate,strontianite
165,none,100,unknown,unknown,unknown,unknown,unknown,unknown,other-mgoh,talc
166,none,100,unknown,unknown,unknown,unknown,unknown,unknown,other-mgoh,talc
167,none,46,unknown,unknown,unknown,unknown,unknown,unknown,zeolite,thomsonite
168,none,70,unknown,unknown,unknown,unknown,unknown,unknown,other-aloh,topaz
169,none,105,unknown,unknown,unknown,unknown,unknown,unknown,tourmaline,tourmaline
170,none,21,unknown,unknown,unknown,unknown,unknown,unknown,garnet,uvarovite
171,none,38,unknown,unknown,unknown,unknown,unknown,unknown,misc-silicate,vesuvianite
172,none,132,unknown,unknown,unknown,unknown,unknown,unknown,borate,vonsenite
173,none,112,unknown,unknown,unknown,unknown,unknown,unknown,carbonate,witherite
174,none,177,unknown,unknown,unknown,unknown,unknown,unknown,misc-silicate,wollastonite
175,none,177,unknown,unknown,unknown,unknown,unknown,unknown,misc-silicate,wollastonite
176,none,9,unknown,unknown,unknown,unknown,unknown,unknown,misc-silicate,zircon
177,none,103,unknown,unknown,unknown,unknown,unknown,unknown,epidote,zoisite
178,c:\2020\ecospeclib\mineral.carbonate.none.coarse.tir.aragonite_1.jhu.nicolet.spectrum.txt, aragonite_1,Nic4,FALSE,z, none,caco3, jhu,carbonate,aragonite
179,c:\2020\ecospeclib\mineral.carbonate.none.coarse.tir.calcite_1.jhu.nicolet.spectrum.txt, calcite_1,Nic4,FALSE,z, none,caco3, jhu,carbonate,calcite
180,c:\2020\ecospeclib\mineral.carbonate.none.coarse.tir.calcite_2.jhu.nicolet.spectrum.txt, calcite_2,Nic4,FALSE,z, none,caco3, jhu,carbonate,calcite
181,c:\2020\ecospeclib\mineral.carbonate.none.coarse.tir.cerussite_1.jhu.nicolet.spectrum.txt, cerussite_1,Nic4,FALSE,z, none,pbco3, jhu,carbonate,"cerussite,"
182,c:\2020\ecospeclib\mineral.carbonate.none.coarse.tir.dolomite_1.jhu.nicolet.spectrum.txt, dolomite_1,Nic4,FALSE,z, none,camg(co3)2, jhu,carbonate,dolomite
183,c:\2020\ecospeclib\mineral.carbonate.none.coarse.tir.dolomite_2.jhu.nicolet.spectrum.txt, dolomite_2,Nic4,FALSE,z, none,camg(co3)2, jhu,carbonate,dolomite
184,c:\2020\ecospeclib\mineral.carbonate.none.coarse.tir.dolomite_3.jhu.nicolet.spectrum.txt, dolomite_3,Nic4,FALSE,z, none,camg(co3)2, jhu,carbonate,dolomite
185,c:\2020\ecospeclib\mineral.carbonate.none.solid.tir.aragonite_1.jhu.nicolet.spectrum.txt, aragonite_1,Nic4,FALSE,z, none,caco3, jhu,carbonate,aragonite
186,c:\2020\ecospeclib\mineral.carbonate.none.solid.tir.calcite_1.jhu.nicolet.spectrum.txt, calcite_1,Nic4,FALSE,z, none,caco3, jhu,carbonate,calcite
187,c:\2020\ecospeclib\mineral.carbonate.none.solid.tir.cerussite_1.jhu.nicolet.spectrum.txt, cerussite_1,Nic4,FALSE,z, none,pbco3, jhu,carbonate,"cerussite,"
188,c:\2020\ecospeclib\mineral.carbonate.none.solid.tir.dolomite_1.jhu.nicolet.spectrum.txt, dolomite_1,Nic4,FALSE,z, none,camg(co3)2, jhu,carbonate,dolomite
189,c:\2020\ecospeclib\mineral.carbonate.none.solid.tir.dolomite_2.jhu.nicolet.spectrum.txt, dolomite_2,Nic4,FALSE,z, none,camg(co3)2, jhu,carbonate,dolomite
190,c:\2020\ecospeclib\mineral.carbonate.none.solid.tir.dolomite_3.jhu.nicolet.spectrum.txt, dolomite_3,Nic4,FALSE,z, none,camg(co3)2, jhu,carbonate,dolomite
191,c:\2020\ecospeclib\mineral.halide.none.coarse.tir.flourite_1.jhu.nicolet.spectrum.txt, flourite_1,Nic4,FALSE,z, none,caf2, jhu,halide,fluorite
192,c:\2020\ecospeclib\mineral.halide.none.solid.tir.flourite_1.jhu.nicolet.spectrum.txt, flourite_1,Nic4,FALSE,z, none,caf2, jhu,halide,fluorite
193,c:\2020\ecospeclib\mineral.hydroxide.none.coarse.tir.goethite_1.jhu.nicolet.spectrum.txt, goethite_1,Nic4,FALSE,z, none,a-fe+3o(oh), jhu,oxide,goethite
194,c:\2020\ecospeclib\mineral.hydroxide.none.coarse.tir.goethite_2.jhu.nicolet.spectrum.txt, goethite_2,Nic4,FALSE,z, none,a-fe+3o(oh), jhu,oxide,goethite
195,c:\2020\ecospeclib\mineral.hydroxide.none.solid.tir.goethite_1.jhu.nicolet.spectrum.txt, goethite_1,Nic4,FALSE,z, none,a-fe+3o(oh), jhu,oxide,goethite
196,c:\2020\ecospeclib\mineral.hydroxide.none.solid.tir.goethite_2.jhu.nicolet.spectrum.txt, goethite_2,Nic4,FALSE,z, none,a-fe+3o(oh), jhu,oxide,goethite
197,c:\2020\ecospeclib\mineral.oxide.none.coarse.tir.chromite_1.jhu.nicolet.spectrum.txt, chromite_1,Nic4,FALSE,z, none,fe+2cr2o4, jhu,oxide,chromite
198,c:\2020\ecospeclib\mineral.oxide.none.coarse.tir.hematite_1.jhu.nicolet.spectrum.txt, hematite_1,Nic4,FALSE,z, none,a-fe2o3, jhu,oxide,hematite
199,c:\2020\ecospeclib\mineral.oxide.none.coarse.tir.ilmenite_1.jhu.nicolet.spectrum.txt, ilmenite_1,Nic4,FALSE,z, none,fe+2tio3, jhu,oxide,ilmenite
200,c:\2020\ecospeclib\mineral.oxide.none.coarse.tir.magnet_1.jhu.nicolet.spectrum.txt, magnet_1,Nic4,FALSE,z, none,fe+2fe2+3o4, jhu,oxide,magnetite
201,c:\2020\ecospeclib\mineral.oxide.none.coarse.tir.rutile_1.jhu.nicolet.spectrum.txt, rutile_1,Nic4,FALSE,z, none,tio2, jhu,oxide,rutile
202,c:\2020\ecospeclib\mineral.oxide.none.solid.tir.chromite_1.jhu.nicolet.spectrum.txt, chromite_1,Nic4,FALSE,z, none,fe+2cr2o4, jhu,oxide,chromite
203,c:\2020\ecospeclib\mineral.oxide.none.solid.tir.hematite_1.jhu.nicolet.spectrum.txt, hematite_1,Nic4,FALSE,z, none,a-fe2o3, jhu,oxide,hematite
204,c:\2020\ecospeclib\mineral.oxide.none.solid.tir.ilmenite_1.jhu.nicolet.spectrum.txt, ilmenite_1,Nic4,FALSE,z, none,fe+2tio3, jhu,oxide,ilmenite
205,c:\2020\ecospeclib\mineral.oxide.none.solid.tir.magnet_1.jhu.nicolet.spectrum.txt, magnet_1,Nic4,FALSE,z, none,fe+2fe2+3o4, jhu,oxide,magnetite
206,c:\2020\ecospeclib\mineral.oxide.none.solid.tir.rutile_1.jhu.nicolet.spectrum.txt, rutile_1,Nic4,FALSE,z, none,tio2, jhu,oxide,rutile
207,c:\2020\ecospeclib\mineral.silicate.cyclosilicate.coarse.tir.beryl_1.jhu.nicolet.spectrum.txt, beryl_1,Nic4,FALSE,z, cyclosilicate,be3al2si6o18, jhu,misc-silicate,beryl
208,c:\2020\ecospeclib\mineral.silicate.cyclosilicate.coarse.tir.beryl_2.jhu.nicolet.spectrum.txt, beryl_2,Nic4,FALSE,z, cyclosilicate,be3al2si6o18, jhu,misc-silicate,beryl
209,c:\2020\ecospeclib\mineral.silicate.cyclosilicate.coarse.tir.cordier_2.jhu.nicolet.spectrum.txt, cordier_2,Nic4,FALSE,z, cyclosilicate,mg2al4si5o18, jhu,misc-silicate,cordierite
210,c:\2020\ecospeclib\mineral.silicate.cyclosilicate.coarse.tir.tourmal_1.jhu.nicolet.spectrum.txt, tourmal_1,Nic4,FALSE,z, cyclosilicate,"na(li,al)3al6(bo3)3si6018(oh)4", jhu,tourmaline,tourmaline
211,c:\2020\ecospeclib\mineral.silicate.cyclosilicate.coarse.tir.tourmal_2.jhu.nicolet.spectrum.txt, tourmal_2,Nic4,FALSE,z, cyclosilicate,nafe3+2al6(bo3)3si6o18(oh)4, jhu,tourmaline,tourmaline
212,c:\2020\ecospeclib\mineral.silicate.cyclosilicate.solid.tir.beryl_1.jhu.nicolet.spectrum.txt, beryl_1,Nic4,FALSE,z, cyclosilicate,be3al2si6o18, jhu,misc-silicate,beryl
213,c:\2020\ecospeclib\mineral.silicate.cyclosilicate.solid.tir.beryl_2.jhu.nicolet.spectrum.txt, beryl_2,Nic4,FALSE,z, cyclosilicate,be3al2si6o18, jhu,misc-silicate,beryl
214,c:\2020\ecospeclib\mineral.silicate.cyclosilicate.solid.tir.cordier_2.jhu.nicolet.spectrum.txt, cordier_2,Nic4,FALSE,z, cyclosilicate,mg2al4si5o18, jhu,misc-silicate,cordierite
215,c:\2020\ecospeclib\mineral.silicate.cyclosilicate.solid.tir.tourmal_1.jhu.nicolet.spectrum.txt, tourmal_1,Nic4,FALSE,z, cyclosilicate,"na(li,al)3al6(bo3)3si6018(oh)4", jhu,tourmaline,tourmaline
216,c:\2020\ecospeclib\mineral.silicate.cyclosilicate.solid.tir.tourmal_2.jhu.nicolet.spectrum.txt, tourmal_2,Nic4,FALSE,z, cyclosilicate,nafe3+2al6(bo3)3si6o18(oh)4, jhu,tourmaline,tourmaline
217,c:\2020\ecospeclib\mineral.silicate.inosilicate.coarse.tir.acmite_2.jhu.nicolet.spectrum.txt, acmite_2,Nic4,FALSE,z, inosilicate,nafe+3si2o6, jhu,pyroxene,acmite
218,c:\2020\ecospeclib\mineral.silicate.inosilicate.coarse.tir.augite_1.jhu.nicolet.spectrum.txt, augite_1,Nic4,FALSE,z, inosilicate,"(ca,na)(mg,fe,al,ti)(si,al)2o6", jhu,pyroxene,augite
219,c:\2020\ecospeclib\mineral.silicate.inosilicate.coarse.tir.augite_2.jhu.nicolet.spectrum.txt, augite_2,Nic4,FALSE,z, inosilicate,"(ca,na)(mg,fe,al,ti)(si,al)2o6", jhu,pyroxene,augite
220,c:\2020\ecospeclib\mineral.silicate.inosilicate.coarse.tir.bustamite_1.jhu.nicolet.spectrum.txt, bustamite_1,Nic4,FALSE,z, inosilicate,"(mn,ca)3si3o9", jhu,wollastonite,bustamite
221,c:\2020\ecospeclib\mineral.silicate.inosilicate.coarse.tir.diopside_1.jhu.nicolet.spectrum.txt, diopside_1,Nic4,FALSE,z, inosilicate,camgsi2o6, jhu,diopside,diopside
222,c:\2020\ecospeclib\mineral.silicate.inosilicate.coarse.tir.diopside_2.jhu.nicolet.spectrum.txt, diopside_2,Nic4,FALSE,z, inosilicate,camgsi2o6, jhu,diopside,diopside
223,c:\2020\ecospeclib\mineral.silicate.inosilicate.coarse.tir.enstatite_1.jhu.nicolet.spectrum.txt, enstatite_1,Nic4,FALSE,z, inosilicate,mg2si2o6, jhu,enstatite,enstatite
224,c:\2020\ecospeclib\mineral.silicate.inosilicate.coarse.tir.hedenber_1.jhu.nicolet.spectrum.txt, hedenber_1,Nic4,FALSE,z, inosilicate,cafe+2si2o6, jhu,hedenbergite,hedenbergite
225,c:\2020\ecospeclib\mineral.silicate.inosilicate.coarse.tir.hornblen_1.jhu.nicolet.spectrum.txt, hornblen_1,Nic4,FALSE,z, inosilicate,"ca2(fe+2,mg)4al(si7al)o22(oh,f)2", jhu,amphibole,hornblende
226,c:\2020\ecospeclib\mineral.silicate.inosilicate.coarse.tir.hornblen_2.jhu.nicolet.spectrum.txt, hornblen_2,Nic4,FALSE,z, inosilicate,"ca2(fe2+,mg)4al(si7,al)o22(oh,f)2", jhu,amphibole,hornblende
227,c:\2020\ecospeclib\mineral.silicate.inosilicate.coarse.tir.hornblen_3.jhu.nicolet.spectrum.txt, hornblen_3,Nic4,FALSE,z, inosilicate,"ca2(fe+2,mg)4al(si7al)o22(oh,f)2", jhu,amphibole,hornblende
228,c:\2020\ecospeclib\mineral.silicate.inosilicate.coarse.tir.hypersth_1.jhu.nicolet.spectrum.txt, hypersth_1,Nic4,FALSE,z, inosilicate,"(mg,fe+2)2si2o6", jhu,pyroxene,hypersthene
229,c:\2020\ecospeclib\mineral.silicate.inosilicate.coarse.tir.jadeite_1.jhu.nicolet.spectrum.txt, jadeite_1,Nic4,FALSE,z, inosilicate,"na(al,fe+3)si2o6", jhu,jadeite,jadeite
230,c:\2020\ecospeclib\mineral.silicate.inosilicate.coarse.tir.pectol_2.jhu.nicolet.spectrum.txt, pectol_2,Nic4,FALSE,z, inosilicate,naca2si308(oh), jhu,misc-silicate,pectolite
231,c:\2020\ecospeclib\mineral.silicate.inosilicate.coarse.tir.rhodon_1.jhu.nicolet.spectrum.txt, rhodon_1,Nic4,FALSE,z, inosilicate,"(mn+2,fe+2,mg,ca)sio3", jhu,rhodonite,rhodonite
232,c:\2020\ecospeclib\mineral.silicate.inosilicate.coarse.tir.richter_1.jhu.nicolet.spectrum.txt, richter_1,Nic4,FALSE,z, inosilicate,"na2ca(mg,fe+2)5si8o22(oh)2", jhu,rhodonite,richterite
233,c:\2020\ecospeclib\mineral.silicate.inosilicate.coarse.tir.riebeck_1.jhu.nicolet.spectrum.txt, riebeck_1,Nic4,FALSE,z, inosilicate,"na2(fe+2,mg)3fe2+3si8o22(oh)2", jhu,amphibole,riebeckite
234,c:\2020\ecospeclib\mineral.silicate.inosilicate.coarse.tir.spodum_1.jhu.nicolet.spectrum.txt, spodum_1,Nic4,FALSE,z, inosilicate,lialsi2o6, jhu,spodumene,spodumene
235,c:\2020\ecospeclib\mineral.silicate.inosilicate.coarse.tir.tremol_1.jhu.nicolet.spectrum.txt, tremol_1,Nic4,FALSE,z, inosilicate,fe+2)5si8o22(oh)2, jhu,amphibole,tremolite
236,c:\2020\ecospeclib\mineral.silicate.inosilicate.coarse.tir.tremol_2.jhu.nicolet.spectrum.txt, tremol_2,Nic4,FALSE,z, inosilicate,fe+2)5si8o22(oh)2, jhu,amphibole,tremolite
237,c:\2020\ecospeclib\mineral.silicate.inosilicate.coarse.tir.wollasto_1.jhu.nicolet.spectrum.txt, wollasto_1,Nic4,FALSE,z, inosilicate,casio3, jhu,wollastonite,wollastonite
238,c:\2020\ecospeclib\mineral.silicate.inosilicate.solid.tir.acmite_1.jhu.nicolet.spectrum.txt, acmite_1,Nic4,FALSE,z, inosilicate,si2o6, jhu,pyroxene,acmite
239,c:\2020\ecospeclib\mineral.silicate.inosilicate.solid.tir.acmite_2.jhu.nicolet.spectrum.txt, acmite_2,Nic4,FALSE,z, inosilicate,nafe+3si2o6, jhu,pyroxene,acmite
240,c:\2020\ecospeclib\mineral.silicate.inosilicate.solid.tir.augite_1.jhu.nicolet.spectrum.txt, augite_1,Nic4,FALSE,z, inosilicate,"(ca,na)(mg,fe,al,ti)(si,al)2o6", jhu,pyroxene,augite
241,c:\2020\ecospeclib\mineral.silicate.inosilicate.solid.tir.augite_2.jhu.nicolet.spectrum.txt, augite_2,Nic4,FALSE,z, inosilicate,"(ca,na)(mg,fe,al,ti)(si,al)2o6", jhu,pyroxene,augite
242,c:\2020\ecospeclib\mineral.silicate.inosilicate.solid.tir.bustamite_1.jhu.nicolet.spectrum.txt, bustamite_1,Nic4,FALSE,z, inosilicate,"(mn,ca)3si3o9", jhu,wollastonite,bustamite
243,c:\2020\ecospeclib\mineral.silicate.inosilicate.solid.tir.diopside_1.jhu.nicolet.spectrum.txt, diopside_1,Nic4,FALSE,z, inosilicate,camgsi2o6, jhu,diopside,diopside
244,c:\2020\ecospeclib\mineral.silicate.inosilicate.solid.tir.enstatite_1.jhu.nicolet.spectrum.txt, enstatite_1,Nic4,FALSE,z, inosilicate,mg2si2o6, jhu,enstatite,enstatite
245,c:\2020\ecospeclib\mineral.silicate.inosilicate.solid.tir.hedenber_1.jhu.nicolet.spectrum.txt, hedenber_1,Nic4,FALSE,z, inosilicate,cafe+2si2o6, jhu,hedenbergite,hedenbergite
246,c:\2020\ecospeclib\mineral.silicate.inosilicate.solid.tir.hornblen_1.jhu.nicolet.spectrum.txt, hornblen_1,Nic4,FALSE,z, inosilicate,"ca2(fe+2,mg)4al(si7al)o22(oh,f)2", jhu,amphibole,hornblende
247,c:\2020\ecospeclib\mineral.silicate.inosilicate.solid.tir.hornblen_2.jhu.nicolet.spectrum.txt, hornblen_2,Nic4,FALSE,z, inosilicate,"ca2(fe2+,mg)4al(si7,al)o22(oh,f)2", jhu,amphibole,hornblende
248,c:\2020\ecospeclib\mineral.silicate.inosilicate.solid.tir.hornblen_3.jhu.nicolet.spectrum.txt, hornblen_3,Nic4,FALSE,z, inosilicate,"ca2(fe+2,mg)4al(si7al)o22(oh,f)2", jhu,amphibole,hornblende
249,c:\2020\ecospeclib\mineral.silicate.inosilicate.solid.tir.hypersth_1.jhu.nicolet.spectrum.txt, hypersth_1,Nic4,FALSE,z, inosilicate,"(mg,fe+2)2si2o6", jhu,pyroxene,hypersthene
250,c:\2020\ecospeclib\mineral.silicate.inosilicate.solid.tir.jadeite_1.jhu.nicolet.spectrum.txt, jadeite_1,Nic4,FALSE,z, inosilicate,"na(al,fe+3)si2o6", jhu,jadeite,jadeite
251,c:\2020\ecospeclib\mineral.silicate.inosilicate.solid.tir.pectol_2.jhu.nicolet.spectrum.txt, pectol_2,Nic4,FALSE,z, inosilicate,naca2si308(oh), jhu,misc-silicate,pectolite
252,c:\2020\ecospeclib\mineral.silicate.inosilicate.solid.tir.rhodon_1.jhu.nicolet.spectrum.txt, rhodon_1,Nic4,FALSE,z, inosilicate,"(mn+2,fe+2,mg,ca)sio3", jhu,rhodonite,rhodonite
253,c:\2020\ecospeclib\mineral.silicate.inosilicate.solid.tir.richter_1.jhu.nicolet.spectrum.txt, richter_1,Nic4,FALSE,z, inosilicate,"na2ca(mg,fe+2)5si8o22(oh)2", jhu,rhodonite,richterite
254,c:\2020\ecospeclib\mineral.silicate.inosilicate.solid.tir.riebeck_1.jhu.nicolet.spectrum.txt, riebeck_1,Nic4,FALSE,z, inosilicate,"na2(fe+2,mg)3fe2+3si8o22(oh)2", jhu,amphibole,riebeckite
255,c:\2020\ecospeclib\mineral.silicate.inosilicate.solid.tir.spodum_1.jhu.nicolet.spectrum.txt, spodum_1,Nic4,FALSE,z, inosilicate,lialsi2o6, jhu,spodumene,spodumene
256,c:\2020\ecospeclib\mineral.silicate.inosilicate.solid.tir.tremol_1.jhu.nicolet.spectrum.txt, tremol_1,Nic4,FALSE,z, inosilicate,fe+2)5si8o22(oh)2, jhu,amphibole,tremolite
257,c:\2020\ecospeclib\mineral.silicate.inosilicate.solid.tir.tremol_2.jhu.nicolet.spectrum.txt, tremol_2,Nic4,FALSE,z, inosilicate,fe+2)5si8o22(oh)2, jhu,amphibole,tremolite
258,c:\2020\ecospeclib\mineral.silicate.inosilicate.solid.tir.wollasto_1.jhu.nicolet.spectrum.txt, wollasto_1,Nic4,FALSE,z, inosilicate,casio3, jhu,wollastonite,wollastonite
259,c:\2020\ecospeclib\mineral.silicate.nesosilicate.coarse.tir.almandine_1.jhu.nicolet.spectrum.txt, almandine_1,Nic4,FALSE,z, nesosilicate,fe3+2al2(sio4)3, jhu,garnet,almandine
260,c:\2020\ecospeclib\mineral.silicate.nesosilicate.coarse.tir.andalusite_1.jhu.nicolet.spectrum.txt, andalusite_1,Nic4,FALSE,z, nesosilicate,al2sio5, jhu,andalusite,andalusite
261,c:\2020\ecospeclib\mineral.silicate.nesosilicate.coarse.tir.andradite_1.jhu.nicolet.spectrum.txt, andradite_1,Nic4,FALSE,z, nesosilicate,(sio4)3, jhu,garnet,andradite
262,c:\2020\ecospeclib\mineral.silicate.nesosilicate.coarse.tir.datolite_1.jhu.nicolet.spectrum.txt, datolite_1,Nic4,FALSE,z, nesosilicate,cabsio4(oh), jhu,misc-silicate,datolite
263,c:\2020\ecospeclib\mineral.silicate.nesosilicate.coarse.tir.grossul_2.jhu.nicolet.spectrum.txt, grossul_2,Nic4,FALSE,z, nesosilicate,ca3al2(si04)3, jhu,garnet,grossular
264,c:\2020\ecospeclib\mineral.silicate.nesosilicate.coarse.tir.kyanite_1.jhu.nicolet.spectrum.txt, kyanite_1,Nic4,FALSE,z, nesosilicate,al2sio5, jhu,kyanite,kyanite
265,c:\2020\ecospeclib\mineral.silicate.nesosilicate.coarse.tir.monticell_1.jhu.nicolet.spectrum.txt, monticell_1,Nic4,FALSE,z, nesosilicate,camgsio4, jhu,olivine,monticellite
266,c:\2020\ecospeclib\mineral.silicate.nesosilicate.coarse.tir.olivine_1.jhu.nicolet.spectrum.txt, olivine_1,Nic4,FALSE,z, nesosilicate,"(fe+2,mg)2sio4", jhu,olivine,olivine
267,c:\2020\ecospeclib\mineral.silicate.nesosilicate.coarse.tir.olivine_10.jhu.nicolet.spectrum.txt, olivine_10,Nic4,FALSE,z, nesosilicate,"(fe+2,mg)2sio4", jhu,olivine,olivine
268,c:\2020\ecospeclib\mineral.silicate.nesosilicate.coarse.tir.olivine_11.jhu.nicolet.spectrum.txt, olivine_11,Nic4,FALSE,z, nesosilicate,"(fe+2,mg)2sio4", jhu,olivine,olivine
269,c:\2020\ecospeclib\mineral.silicate.nesosilicate.coarse.tir.olivine_12.jhu.nicolet.spectrum.txt, olivine_12,Nic4,FALSE,z, nesosilicate,"(fe+2,mg)2sio4", jhu,olivine,olivine
270,c:\2020\ecospeclib\mineral.silicate.nesosilicate.coarse.tir.olivine_13.jhu.nicolet.spectrum.txt, olivine_13,Nic4,FALSE,z, nesosilicate,"(fe+2,mg)2sio4", jhu,olivine,olivine
271,c:\2020\ecospeclib\mineral.silicate.nesosilicate.coarse.tir.olivine_2.jhu.nicolet.spectrum.txt, olivine_2,Nic4,FALSE,z, nesosilicate,"(fe+2,mg)2sio4", jhu,olivine,olivine
272,c:\2020\ecospeclib\mineral.silicate.nesosilicate.coarse.tir.olivine_3.jhu.nicolet.spectrum.txt, olivine_3,Nic4,FALSE,z, nesosilicate,"(fe+2,mg)2sio4", jhu,olivine,olivine
273,c:\2020\ecospeclib\mineral.silicate.nesosilicate.coarse.tir.olivine_4.jhu.nicolet.spectrum.txt, olivine_4,Nic4,FALSE,z, nesosilicate,"(fe+2,mg)2sio4", jhu,olivine,olivine
274,c:\2020\ecospeclib\mineral.silicate.nesosilicate.coarse.tir.olivine_5.jhu.nicolet.spectrum.txt, olivine_5,Nic4,FALSE,z, nesosilicate,"(fe+2,mg)2sio4", jhu,olivine,olivine
275,c:\2020\ecospeclib\mineral.silicate.nesosilicate.coarse.tir.olivine_6.jhu.nicolet.spectrum.txt, olivine_6,Nic4,FALSE,z, nesosilicate,"(fe+2,mg)2sio4", jhu,olivine,olivine
276,c:\2020\ecospeclib\mineral.silicate.nesosilicate.coarse.tir.olivine_7.jhu.nicolet.spectrum.txt, olivine_7,Nic4,FALSE,z, nesosilicate,"(fe+2,mg)2sio4", jhu,olivine,olivine
277,c:\2020\ecospeclib\mineral.silicate.nesosilicate.coarse.tir.olivine_8.jhu.nicolet.spectrum.txt, olivine_8,Nic4,FALSE,z, nesosilicate,"(fe+2,mg)2sio4", jhu,olivine,olivine
278,c:\2020\ecospeclib\mineral.silicate.nesosilicate.coarse.tir.olivine_9.jhu.nicolet.spectrum.txt, olivine_9,Nic4,FALSE,z, nesosilicate,"(fe+2,mg)2sio4", jhu,olivine,olivine
279,c:\2020\ecospeclib\mineral.silicate.nesosilicate.coarse.tir.pyrope_1.jhu.nicolet.spectrum.txt, pyrope_1,Nic4,FALSE,z, nesosilicate,mg3al2(sio4)3, jhu,garnet,pyrope
280,c:\2020\ecospeclib\mineral.silicate.nesosilicate.coarse.tir.spessart_2.jhu.nicolet.spectrum.txt, spessart_2,Nic4,FALSE,z, nesosilicate,(sio4)3, jhu,garnet,spessartine
281,c:\2020\ecospeclib\mineral.silicate.nesosilicate.coarse.tir.staurol_1.jhu.nicolet.spectrum.txt, staurol_1,Nic4,FALSE,z, nesosilicate,"(fe+2,mg,zn)2al9(si,al)4o22(oh)2", jhu,misc-silicate,staurolite
282,c:\2020\ecospeclib\mineral.silicate.nesosilicate.coarse.tir.topaz_1.jhu.nicolet.spectrum.txt, topaz_1,Nic4,FALSE,z, nesosilicate,"al2sio4(f,oh)2", jhu,other-aloh,topaz
283,c:\2020\ecospeclib\mineral.silicate.nesosilicate.coarse.tir.topaz_2.jhu.nicolet.spectrum.txt, topaz_2,Nic4,FALSE,z, nesosilicate,"al2sio4(f,oh)2", jhu,other-aloh,topaz
284,c:\2020\ecospeclib\mineral.silicate.nesosilicate.coarse.tir.topaz_3.jhu.nicolet.spectrum.txt, topaz_3,Nic4,FALSE,z, nesosilicate,"al2sio4(f,oh)2", jhu,other-aloh,topaz
285,c:\2020\ecospeclib\mineral.silicate.nesosilicate.coarse.tir.topaz_4.jhu.nicolet.spectrum.txt, topaz_4,Nic4,FALSE,z, nesosilicate,"al2sio4(f,oh)2", jhu,other-aloh,topaz
286,c:\2020\ecospeclib\mineral.silicate.nesosilicate.fine.tir.topaz_4.jhu.nicolet.spectrum.txt, topaz_4,Nic4,FALSE,z, nesosilicate,"al2sio4(f,oh)2", jhu,other-aloh,topaz
287,c:\2020\ecospeclib\mineral.silicate.nesosilicate.solid.tir.almandine_1.jhu.nicolet.spectrum.txt, almandine_1,Nic4,FALSE,z, nesosilicate,fe3+2al2(sio4)3, jhu,garnet,almandine
288,c:\2020\ecospeclib\mineral.silicate.nesosilicate.solid.tir.andalusite_1.jhu.nicolet.spectrum.txt, andalusite_1,Nic4,FALSE,z, nesosilicate,al2sio5, jhu,andalusite,andalusite
289,c:\2020\ecospeclib\mineral.silicate.nesosilicate.solid.tir.andradite_1.jhu.nicolet.spectrum.txt, andradite_1,Nic4,FALSE,z, nesosilicate,(sio4)3, jhu,garnet,andradite
290,c:\2020\ecospeclib\mineral.silicate.nesosilicate.solid.tir.datolite_1.jhu.nicolet.spectrum.txt, datolite_1,Nic4,FALSE,z, nesosilicate,cabsio4(oh), jhu,misc-silicate,datolite
291,c:\2020\ecospeclib\mineral.silicate.nesosilicate.solid.tir.grossul_2.jhu.nicolet.spectrum.txt, grossul_2,Nic4,FALSE,z, nesosilicate,ca3al2(si04)3, jhu,garnet,grossular
292,c:\2020\ecospeclib\mineral.silicate.nesosilicate.solid.tir.kyanite_1.jhu.nicolet.spectrum.txt, kyanite_1,Nic4,FALSE,z, nesosilicate,al2sio5, jhu,kyanite,kyanite
293,c:\2020\ecospeclib\mineral.silicate.nesosilicate.solid.tir.monticell_1.jhu.nicolet.spectrum.txt, monticell_1,Nic4,FALSE,z, nesosilicate,camgsio4, jhu,olivine,monticellite
294,c:\2020\ecospeclib\mineral.silicate.nesosilicate.solid.tir.olivine_11.jhu.nicolet.spectrum.txt, olivine_11,Nic4,FALSE,z, nesosilicate,"(fe+2,mg)2sio4", jhu,olivine,olivine
295,c:\2020\ecospeclib\mineral.silicate.nesosilicate.solid.tir.olivine_12.jhu.nicolet.spectrum.txt, olivine_12,Nic4,FALSE,z, nesosilicate,"(fe+2,mg)2sio4", jhu,olivine,olivine
296,c:\2020\ecospeclib\mineral.silicate.nesosilicate.solid.tir.olivine_13.jhu.nicolet.spectrum.txt, olivine_13,Nic4,FALSE,z, nesosilicate,"(fe+2,mg)2sio4", jhu,olivine,olivine
297,c:\2020\ecospeclib\mineral.silicate.nesosilicate.solid.tir.pyrope_1.jhu.nicolet.spectrum.txt, pyrope_1,Nic4,FALSE,z, nesosilicate,mg3al2(sio4)3, jhu,garnet,pyrope
298,c:\2020\ecospeclib\mineral.silicate.nesosilicate.solid.tir.spessart_2.jhu.nicolet.spectrum.txt, spessart_2,Nic4,FALSE,z, nesosilicate,(sio4)3, jhu,garnet,spessartine
299,c:\2020\ecospeclib\mineral.silicate.nesosilicate.solid.tir.staurol_1.jhu.nicolet.spectrum.txt, staurol_1,Nic4,FALSE,z, nesosilicate,"(fe+2,mg,zn)2al9(si,al)4o22(oh)2", jhu,misc-silicate,staurolite
300,c:\2020\ecospeclib\mineral.silicate.nesosilicate.solid.tir.topaz_1.jhu.nicolet.spectrum.txt, topaz_1,Nic4,FALSE,z, nesosilicate,"al2sio4(f,oh)2", jhu,other-aloh,topaz
301,c:\2020\ecospeclib\mineral.silicate.nesosilicate.solid.tir.topaz_2.jhu.nicolet.spectrum.txt, topaz_2,Nic4,FALSE,z, nesosilicate,"al2sio4(f,oh)2", jhu,other-aloh,topaz
302,c:\2020\ecospeclib\mineral.silicate.none.coarse.tir.zoisite_1.jhu.nicolet.spectrum.txt, zoisite_1,Nic4,FALSE,z, none,na, jhu,epidote,zoisite
303,c:\2020\ecospeclib\mineral.silicate.none.solid.tir.zoisite_1.jhu.nicolet.spectrum.txt, zoisite_1,Nic4,FALSE,z, none,na, jhu,epidote,zoisite
304,c:\2020\ecospeclib\mineral.silicate.phyllosilicate.coarse.tir.antigorite_1.jhu.nicolet.spectrum.txt, antigorite_1,Nic4,FALSE,z, phyllosilicate,na, jhu.,serpentine,antigorite
305,c:\2020\ecospeclib\mineral.silicate.phyllosilicate.coarse.tir.biotite_1.jhu.nicolet.spectrum.txt, biotite_1,Nic4,FALSE,z, phyllosilicate,"k(mg,fe+2)3(al,fe+3)si3o10(oh,f)2", jhu,dark-mica,biotite
306,c:\2020\ecospeclib\mineral.silicate.phyllosilicate.coarse.tir.biotite_2.jhu.nicolet.spectrum.txt, biotite_2,Nic4,FALSE,z, phyllosilicate,"k(mg,fe+2)3(al,fe+3)si3o10(oh,f)2", jhu,dark-mica,biotite
307,c:\2020\ecospeclib\mineral.silicate.phyllosilicate.coarse.tir.chrysotile_1.jhu.nicolet.spectrum.txt, chrysotile_1,Nic4,FALSE,z, phyllosilicate,mg3si2o5(oh)4, jhu,serpentine,chrysotile
308,c:\2020\ecospeclib\mineral.silicate.phyllosilicate.coarse.tir.clinochlore_1.jhu.nicolet.spectrum.txt, clinochlore_1,Nic4,FALSE,z, phyllosilicate,"(mg,fe+2)5al(si3al)o10(oh)8", jhu,chlorite,clinochlore
309,c:\2020\ecospeclib\mineral.silicate.phyllosilicate.coarse.tir.clinochl_2.jhu.nicolet.spectrum.txt, clinochl_2,Nic4,FALSE,z, phyllosilicate,"(fe+2,mg)5al(si3al)o10(oh)8", jhu,chlorite,clinochlore
310,c:\2020\ecospeclib\mineral.silicate.phyllosilicate.coarse.tir.illite_1.jhu.nicolet.spectrum.txt, illite_1,Nic4,FALSE,z, phyllosilicate,"(k,h3o)(al,mg,fe)2(si,al)4o10[(oh)2,h2o]", jhu,white-mica,illite
311,c:\2020\ecospeclib\mineral.silicate.phyllosilicate.coarse.tir.illsmec_1.jhu.nicolet.spectrum.txt, illsmec_1,Nic4,FALSE,z, phyllosilicate,na, jhu,white-mica,illite
312,c:\2020\ecospeclib\mineral.silicate.phyllosilicate.coarse.tir.kaolinite_2.jhu.nicolet.spectrum.txt, kaolinite_2,Nic4,FALSE,z, phyllosilicate,al2si2o5(oh)4, jhu,kaolin,kaolinite
313,c:\2020\ecospeclib\mineral.silicate.phyllosilicate.coarse.tir.kaolinite_3.jhu.nicolet.spectrum.txt, kaolinite_3,Nic4,FALSE,z, phyllosilicate,al2si2o5(oh)4, jhu,kaolin,kaolinite
314,c:\2020\ecospeclib\mineral.silicate.phyllosilicate.coarse.tir.lizard_1.jhu.nicolet.spectrum.txt, lizard_1,Nic4,FALSE,z, phyllosilicate,mg3si2o5(oh)4, jhu,serpentine,lizardite
315,c:\2020\ecospeclib\mineral.silicate.phyllosilicate.coarse.tir.montmor_1.jhu.nicolet.spectrum.txt, montmor_1,Nic4,FALSE,z, phyllosilicate,"(na,ca)0.33(al,mg)2si4o10(oh)2.nh2o", jhu,smectite,montmorillonite
316,c:\2020\ecospeclib\mineral.silicate.phyllosilicate.coarse.tir.montmor_2.jhu.nicolet.spectrum.txt, montmor_2,Nic4,FALSE,z, phyllosilicate,"(na,ca)0.33(al,mg)2si4o10(oh)2.nh2o", jhu,smectite,montmorillonite
317,c:\2020\ecospeclib\mineral.silicate.phyllosilicate.coarse.tir.montmor_3.jhu.nicolet.spectrum.txt, montmor_3,Nic4,FALSE,z, phyllosilicate,"(na,ca)0.33(al,mg)2si4o10(oh)2.nh2o", jhu,smectite,montmorillonite
318,c:\2020\ecospeclib\mineral.silicate.phyllosilicate.coarse.tir.muscov_1.jhu.nicolet.spectrum.txt, muscov_1,Nic4,FALSE,z, phyllosilicate,"kal2(si3al)o10(oh,f)2", jhu,white-mica,muscovite
319,c:\2020\ecospeclib\mineral.silicate.phyllosilicate.coarse.tir.muscov_2.jhu.nicolet.spectrum.txt, muscov_2,Nic4,FALSE,z, phyllosilicate,"kal2(si3al)o10(oh,f)2", jhu,white-mica,muscovite
320,c:\2020\ecospeclib\mineral.silicate.phyllosilicate.coarse.tir.nontron_1.jhu.nicolet.spectrum.txt, nontron_1,Nic4,FALSE,z, phyllosilicate,"na0.33fe2+3(si,al)4o10.3h2o", jhu,smectite,nontronite
321,c:\2020\ecospeclib\mineral.silicate.phyllosilicate.coarse.tir.phlogop_1.jhu.nicolet.spectrum.txt, phlogop_1,Nic4,FALSE,z, phyllosilicate,"kmg3si3al010(f,oh)2", jhu,phlogopite,phlogopite
322,c:\2020\ecospeclib\mineral.silicate.phyllosilicate.coarse.tir.phlogop_2.jhu.nicolet.spectrum.txt, phlogop_2,Nic4,FALSE,z, phyllosilicate,oh)2, jhu,phlogopite,phlogopite
323,c:\2020\ecospeclib\mineral.silicate.phyllosilicate.coarse.tir.prehnite_1.jhu.nicolet.spectrum.txt, prehnite_1,Nic4,FALSE,z, phyllosilicate,ca2al2si3o10(oh)2, jhu,other-aloh,prehnite
324,c:\2020\ecospeclib\mineral.silicate.phyllosilicate.coarse.tir.pyroph_1.jhu.nicolet.spectrum.txt, pyroph_1,Nic4,FALSE,z, phyllosilicate,al2si4010(oh)2, jhu,other-aloh,pyrophyllite
325,c:\2020\ecospeclib\mineral.silicate.phyllosilicate.coarse.tir.saponite_1.jhu.nicolet.spectrum.txt, saponite_1,Nic4,FALSE,z, phyllosilicate,"(ca/2,na)0.33(mg,fe+2)3(si,al)4o10(oh)2.h2o", jhu,smectite,saponite
326,c:\2020\ecospeclib\mineral.silicate.phyllosilicate.coarse.tir.sepiolite_1.jhu.nicolet.spectrum.txt, sepiolite_1,Nic4,FALSE,z, phyllosilicate,mg4si6o15(oh)2.6h2), jhu,pal-sep,sepiolite
327,c:\2020\ecospeclib\mineral.silicate.phyllosilicate.coarse.tir.smectite_1.jhu.nicolet.spectrum.txt, smectite_1,Nic4,FALSE,z, phyllosilicate,o10.3h2o, jhu,smectite,smectite
328,c:\2020\ecospeclib\mineral.silicate.phyllosilicate.coarse.tir.talc_1.jhu.nicolet.spectrum.txt, talc_1,Nic4,FALSE,z, phyllosilicate,mg3si4o10(oh)2, jhu,other-mgoh,talc
329,c:\2020\ecospeclib\mineral.silicate.phyllosilicate.coarse.tir.vermicul_1.jhu.nicolet.spectrum.txt, vermicul_1,Nic4,FALSE,z, phyllosilicate,"(mg,fe+2,al)3(al,si)4o10(oh)2.4h2o", jhu,dark-mica,vermiculite
330,c:\2020\ecospeclib\mineral.silicate.phyllosilicate.solid.tir.antigorite_1.jhu.nicolet.spectrum.txt, antigorite_1,Nic4,FALSE,z, phyllosilicate,na, jhu.,serpentine,antigorite
331,c:\2020\ecospeclib\mineral.silicate.phyllosilicate.solid.tir.biotite_1.jhu.nicolet.spectrum.txt, biotite_1,Nic4,FALSE,z, phyllosilicate,"k(mg,fe+2)3(al,fe+3)si3o10(oh,f)2", jhu,dark-mica,biotite
332,c:\2020\ecospeclib\mineral.silicate.phyllosilicate.solid.tir.clinochlore_1.jhu.nicolet.spectrum.txt, clinochlore_1,Nic4,FALSE,z, phyllosilicate,"(mg,fe+2)5al(si3al)o10(oh)8", jhu,chlorite,clinochlore
333,c:\2020\ecospeclib\mineral.silicate.phyllosilicate.solid.tir.clinochl_2.jhu.nicolet.spectrum.txt, clinochl_2,Nic4,FALSE,z, phyllosilicate,"(fe+2,mg)5al(si3al)o10(oh)8", jhu,chlorite,clinochlore
334,c:\2020\ecospeclib\mineral.silicate.phyllosilicate.solid.tir.muscov_1.jhu.nicolet.spectrum.txt, muscov_1,Nic4,FALSE,z, phyllosilicate,"kal2(si3al)o10(oh,f)2", jhu,white-mica,muscovite
335,c:\2020\ecospeclib\mineral.silicate.phyllosilicate.solid.tir.muscov_2.jhu.nicolet.spectrum.txt, muscov_2,Nic4,FALSE,z, phyllosilicate,"kal2(si3al)o10(oh,f)2", jhu,white-mica,muscovite
336,c:\2020\ecospeclib\mineral.silicate.phyllosilicate.solid.tir.phlogop_1.jhu.nicolet.spectrum.txt, phlogop_1,Nic4,FALSE,z, phyllosilicate,"kmg3si3al010(f,oh)2", jhu,phlogopite,phlogopite
337,c:\2020\ecospeclib\mineral.silicate.phyllosilicate.solid.tir.phlogop_2.jhu.nicolet.spectrum.txt, phlogop_2,Nic4,FALSE,z, phyllosilicate,oh)2, jhu,phlogopite,phlogopite
338,c:\2020\ecospeclib\mineral.silicate.phyllosilicate.solid.tir.prehnite_1.jhu.nicolet.spectrum.txt, prehnite_1,Nic4,FALSE,z, phyllosilicate,ca2al2si3o10(oh)2, jhu,other-aloh,prehnite
339,c:\2020\ecospeclib\mineral.silicate.phyllosilicate.solid.tir.pyroph_1.jhu.nicolet.spectrum.txt, pyroph_1,Nic4,FALSE,z, phyllosilicate,al2si4010(oh)2, jhu,other-aloh,pyrophyllite
340,c:\2020\ecospeclib\mineral.silicate.phyllosilicate.solid.tir.talc_1.jhu.nicolet.spectrum.txt, talc_1,Nic4,FALSE,z, phyllosilicate,mg3si4o10(oh)2, jhu,other-mgoh,talc
341,c:\2020\ecospeclib\mineral.silicate.sorosilicate.coarse.tir.clinozo_1.jhu.nicolet.spectrum.txt, clinozo_1,Nic4,FALSE,z, sorosilicate,ca2al3(sio4)3(oh), jhu,epidote,clinozoisite
342,c:\2020\ecospeclib\mineral.silicate.sorosilicate.coarse.tir.epidote_1.jhu.nicolet.spectrum.txt, epidote_1,Nic4,FALSE,z, sorosilicate,"ca2(al,fe+3)3(sio4)3(oh)", jhu,epidote,epidote
343,c:\2020\ecospeclib\mineral.silicate.sorosilicate.coarse.tir.hemimor_1.jhu.nicolet.spectrum.txt, hemimor_1,Nic4,FALSE,z, sorosilicate,zn4si2o7(oh)2.h2o, jhu,silicate,hemimorphite
344,c:\2020\ecospeclib\mineral.silicate.sorosilicate.coarse.tir.vesuvian_1.jhu.nicolet.spectrum.txt, vesuvian_1,Nic4,FALSE,z, sorosilicate,ca10mg2al4(sio4)5(si2o7)2(oh)4, jhu,misc-silicate,vesuvianite
345,c:\2020\ecospeclib\mineral.silicate.sorosilicate.fine.tir.epidote_1.jhu.nicolet.spectrum.txt, epidote_1,Nic4,FALSE,z, sorosilicate,"ca2(al,fe+3)3(sio4)3(oh)", jhu,epidote,epidote
346,c:\2020\ecospeclib\mineral.silicate.sorosilicate.solid.tir.clinozo_1.jhu.nicolet.spectrum.txt, clinozo_1,Nic4,FALSE,z, sorosilicate,ca2al3(sio4)3(oh), jhu,epidote,clinozoisite
347,c:\2020\ecospeclib\mineral.silicate.sorosilicate.solid.tir.epidote_1.jhu.nicolet.spectrum.txt, epidote_1,Nic4,FALSE,z, sorosilicate,"ca2(al,fe+3)3(sio4)3(oh)", jhu,epidote,epidote
348,c:\2020\ecospeclib\mineral.silicate.sorosilicate.solid.tir.hemimor_1.jhu.nicolet.spectrum.txt, hemimor_1,Nic4,FALSE,z, sorosilicate,zn4si2o7(oh)2.h2o, jhu,silicate,hemimorphite
349,c:\2020\ecospeclib\mineral.silicate.sorosilicate.solid.tir.vesuvian_1.jhu.nicolet.spectrum.txt, vesuvian_1,Nic4,FALSE,z, sorosilicate,ca10mg2al4(sio4)5(si2o7)2(oh)4, jhu,misc-silicate,vesuvianite
350,c:\2020\ecospeclib\mineral.silicate.tectosilicate.coarse.tir.albite_1.jhu.nicolet.spectrum.txt, albite_1,Nic4,FALSE,z, tectosilicate,naalsi3o8, jhu,plagioclase,albite
351,c:\2020\ecospeclib\mineral.silicate.tectosilicate.coarse.tir.analcime_1.jhu.nicolet.spectrum.txt, analcime_1,Nic4,FALSE,z, tectosilicate,naalsi2o6.h2o, jhu,zeolite,analcime
352,c:\2020\ecospeclib\mineral.silicate.tectosilicate.coarse.tir.anorthite_1.jhu.nicolet.spectrum.txt, anorthite_1,Nic4,FALSE,z, tectosilicate,caal2si2o8, jhu,plagioclase,anorthite
353,c:\2020\ecospeclib\mineral.silicate.tectosilicate.coarse.tir.chabazite_1.jhu.nicolet.spectrum.txt, chabazite_1,Nic4,FALSE,z, tectosilicate,caal2si4o12.6h2o, jhu,zeolite,chabazite
354,c:\2020\ecospeclib\mineral.silicate.tectosilicate.coarse.tir.clinopt_1.jhu.nicolet.spectrum.txt, clinopt_1,Nic4,FALSE,z, tectosilicate,"(na,k,ca)2-3al3(al,si)2si13o36.12h2o", jhu,zeolite,clinoptilolite
355,c:\2020\ecospeclib\mineral.silicate.tectosilicate.coarse.tir.erionite_1.jhu.nicolet.spectrum.txt, erionite_1,Nic4,FALSE,z, tectosilicate,"(k2,ca,na2)2al4si14o36.15h2o", jhu,zeolite,erionite
356,c:\2020\ecospeclib\mineral.silicate.tectosilicate.coarse.tir.heulan_1.jhu.nicolet.spectrum.txt, heulan_1,Nic4,FALSE,z, tectosilicate,"(na,ca)2-3al3(al,si)2si13o36.12h2o", jhu,zeolite,heulandite
357,c:\2020\ecospeclib\mineral.silicate.tectosilicate.coarse.tir.heulan_2.jhu.nicolet.spectrum.txt, heulan_2,Nic4,FALSE,z, tectosilicate,"(na,ca)2-3al3(al,si)2si13o36.12h2o", jhu,zeolite,heulandite
358,c:\2020\ecospeclib\mineral.silicate.tectosilicate.coarse.tir.labrador_1.jhu.nicolet.spectrum.txt, labrador_1,Nic4,FALSE,z, tectosilicate,"(na,ca)al(al,si)si2o8", jhu,plagioclase,labradorite
359,c:\2020\ecospeclib\mineral.silicate.tectosilicate.coarse.tir.leucite_1.jhu.nicolet.spectrum.txt, leucite_1,Nic4,FALSE,z, tectosilicate,kalsi2o6, jhu,zeolite,leucite
360,c:\2020\ecospeclib\mineral.silicate.tectosilicate.coarse.tir.micro_1.jhu.nicolet.spectrum.txt, micro_1,Nic4,FALSE,z, tectosilicate,kalsi3o8, jhu,k-feldspar,microcline
361,c:\2020\ecospeclib\mineral.silicate.tectosilicate.coarse.tir.morden_1.jhu.nicolet.spectrum.txt, morden_1,Nic4,FALSE,z, tectosilicate,"(ca,na2,k2)al2si10o24.7h2o", jhu,zeolite,mordenite
362,c:\2020\ecospeclib\mineral.silicate.tectosilicate.coarse.tir.natrol_1.jhu.nicolet.spectrum.txt, natrol_1,Nic4,FALSE,z, tectosilicate,na2al2si3o10.2h2o, jhu,zeolite,natrolite
363,c:\2020\ecospeclib\mineral.silicate.tectosilicate.coarse.tir.nephel_2.jhu.nicolet.spectrum.txt, nephel_2,Nic4,FALSE,z, tectosilicate,"(na,k)alsio4", jhu,feldspathoid,nepheline
364,c:\2020\ecospeclib\mineral.silicate.tectosilicate.coarse.tir.orthocl_3.jhu.nicolet.spectrum.txt, orthocl_3,Nic4,FALSE,z, tectosilicate,kalsi3o8, jhu,k-feldspar,orthoclase
365,c:\2020\ecospeclib\mineral.silicate.tectosilicate.coarse.tir.quartz_1.jhu.nicolet.spectrum.txt, quartz_1,Nic4,FALSE,z, tectosilicate,sio2, jhu,silica,quartz
366,c:\2020\ecospeclib\mineral.silicate.tectosilicate.coarse.tir.quartz_2.jhu.nicolet.spectrum.txt, quartz_2,Nic4,FALSE,z, tectosilicate,sio2, jhu,silica,quartz
367,c:\2020\ecospeclib\mineral.silicate.tectosilicate.coarse.tir.sanidine_1.jhu.nicolet.spectrum.txt, sanidine_1,Nic4,FALSE,z, tectosilicate,"(k,na)al3o8", jhu,k-feldspar,sanidine
368,c:\2020\ecospeclib\mineral.silicate.tectosilicate.coarse.tir.sanidine_3.jhu.nicolet.spectrum.txt, sanidine_3,Nic4,FALSE,z, tectosilicate,"(k,na)al3o8", jhu,k-feldspar,sanidine
369,c:\2020\ecospeclib\mineral.silicate.tectosilicate.coarse.tir.sodalite_1.jhu.nicolet.spectrum.txt, sodalite_1,Nic4,FALSE,z, tectosilicate,na8al6si6o24cl2, jhu,cancrinite-sodalite,sodalite
370,c:\2020\ecospeclib\mineral.silicate.tectosilicate.solid.tir.chabazite_1.jhu.nicolet.spectrum.txt, chabazite_1,Nic4,FALSE,z, tectosilicate,caal2si4o12.6h2o, jhu,zeolite,chabazite
371,c:\2020\ecospeclib\mineral.silicate.tectosilicate.solid.tir.clinopt_1.jhu.nicolet.spectrum.txt, clinopt_1,Nic4,FALSE,z, tectosilicate,"(na,k,ca)2-3al3(al,si)2si13o36.12h2o", jhu,zeolite,clinoptilolite
372,c:\2020\ecospeclib\mineral.silicate.tectosilicate.solid.tir.erionite_1.jhu.nicolet.spectrum.txt, erionite_1,Nic4,FALSE,z, tectosilicate,"(k2,ca,na2)2al4si14o36.15h2o", jhu,zeolite,erionite
373,c:\2020\ecospeclib\mineral.silicate.tectosilicate.solid.tir.heulan_2.jhu.nicolet.spectrum.txt, heulan_2,Nic4,FALSE,z, tectosilicate,"(na,ca)2-3al3(al,si)2si13o36.12h2o", jhu,zeolite,heulandite
374,c:\2020\ecospeclib\mineral.silicate.tectosilicate.solid.tir.labrador_1.jhu.nicolet.spectrum.txt, labrador_1,Nic4,FALSE,z, tectosilicate,"(na,ca)al(al,si)si2o8", jhu,plagioclase,labradorite
375,c:\2020\ecospeclib\mineral.silicate.tectosilicate.solid.tir.leucite_1.jhu.nicolet.spectrum.txt, leucite_1,Nic4,FALSE,z, tectosilicate,kalsi2o6, jhu,zeolite,leucite
376,c:\2020\ecospeclib\mineral.silicate.tectosilicate.solid.tir.micro_1.jhu.nicolet.spectrum.txt, micro_1,Nic4,FALSE,z, tectosilicate,kalsi3o8, jhu,k-feldspar,microcline
377,c:\2020\ecospeclib\mineral.silicate.tectosilicate.solid.tir.morden_1.jhu.nicolet.spectrum.txt, morden_1,Nic4,FALSE,z, tectosilicate,"(ca,na2,k2)al2si10o24.7h2o", jhu,zeolite,mordenite
378,c:\2020\ecospeclib\mineral.silicate.tectosilicate.solid.tir.natrol_1.jhu.nicolet.spectrum.txt, natrol_1,Nic4,FALSE,z, tectosilicate,na2al2si3o10.2h2o, jhu,zeolite,natrolite
379,c:\2020\ecospeclib\mineral.silicate.tectosilicate.solid.tir.nephel_2.jhu.nicolet.spectrum.txt, nephel_2,Nic4,FALSE,z, tectosilicate,"(na,k)alsio4", jhu,feldspathoid,nepheline
380,c:\2020\ecospeclib\mineral.silicate.tectosilicate.solid.tir.orthocl_3.jhu.nicolet.spectrum.txt, orthocl_3,Nic4,FALSE,z, tectosilicate,kalsi3o8, jhu,k-feldspar,orthoclase
381,c:\2020\ecospeclib\mineral.silicate.tectosilicate.solid.tir.quartz_1.jhu.nicolet.spectrum.txt, quartz_1,Nic4,FALSE,z, tectosilicate,sio2, jhu,silica,quartz
382,c:\2020\ecospeclib\mineral.silicate.tectosilicate.solid.tir.sanidine_1.jhu.nicolet.spectrum.txt, sanidine_1,Nic4,FALSE,z, tectosilicate,"(k,na)al3o8", jhu,k-feldspar,sanidine
383,c:\2020\ecospeclib\mineral.silicate.tectosilicate.solid.tir.sanidine_3.jhu.nicolet.spectrum.txt, sanidine_3,Nic4,FALSE,z, tectosilicate,"(k,na)al3o8", jhu,k-feldspar,sanidine
384,c:\2020\ecospeclib\mineral.silicate.tectosilicate.solid.tir.sodalite_1.jhu.nicolet.spectrum.txt, sodalite_1,Nic4,FALSE,z, tectosilicate,na8al6si6o24cl2, jhu,cancrinite-sodalite,sodalite
385,c:\2020\ecospeclib\mineral.sulfate.none.coarse.tir.alunite_2.jhu.nicolet.spectrum.txt, alunite_2,Nic4,FALSE,z, none,na, jhu,sulphate,alunite
386,c:\2020\ecospeclib\mineral.sulfate.none.coarse.tir.alunite_3.jhu.nicolet.spectrum.txt, alunite_3,Nic4,FALSE,z, none,na, jhu,sulphate,alunite
387,c:\2020\ecospeclib\mineral.sulfate.none.coarse.tir.alunite_4.jhu.nicolet.spectrum.txt, alunite_4,Nic4,FALSE,z, none,na, jhu,sulphate,alunite
388,c:\2020\ecospeclib\mineral.sulfate.none.coarse.tir.anhydrite_1.jhu.nicolet.spectrum.txt, anhydrite_1,Nic4,FALSE,z, none,caso4, jhu,sulphate,anhydrite
389,c:\2020\ecospeclib\mineral.sulfate.none.coarse.tir.barite_1.jhu.nicolet.spectrum.txt, barite_1,Nic4,FALSE,z, none,baso4, jhu,sulphate,"barite,"
390,c:\2020\ecospeclib\mineral.sulfate.none.coarse.tir.gypsum_1.jhu.nicolet.spectrum.txt, gypsum_1,Nic4,FALSE,z, none,caso4.2h20, jhu,sulphate,gypsum
391,c:\2020\ecospeclib\mineral.sulfate.none.coarse.tir.gypsum_2.jhu.nicolet.spectrum.txt, gypsum_2,Nic4,FALSE,z, none,caso4.2h2o, jhu,sulphate,gypsum
392,c:\2020\ecospeclib\mineral.sulfate.none.solid.tir.anhydrite_1.jhu.nicolet.spectrum.txt, anhydrite_1,Nic4,FALSE,z, none,caso4, jhu,sulphate,anhydrite
393,c:\2020\ecospeclib\mineral.sulfate.none.solid.tir.barite_1.jhu.nicolet.spectrum.txt, barite_1,Nic4,FALSE,z, none,baso4, jhu,sulphate,"barite,"
394,c:\2020\ecospeclib\mineral.sulfate.none.solid.tir.gypsum_1.jhu.nicolet.spectrum.txt, gypsum_1,Nic4,FALSE,z, none,caso4.2h20, jhu,sulphate,gypsum
395,c:\2020\ecospeclib\mineral.sulfate.none.solid.tir.gypsum_2.jhu.nicolet.spectrum.txt, gypsum_2,Nic4,FALSE,z, none,caso4.2h2o, jhu,sulphate,gypsum
396,c:\2020\ecospeclib\mineral.sulfide.none.coarse.tir.pyrite_1.jhu.nicolet.spectrum.txt, pyrite_1,Nic4,FALSE,z, none,fes2, jhu,sulphide,pyrite
397,c:\2020\ecospeclib\mineral.sulfide.none.coarse.tir.pyroph_1.jhu.nicolet.spectrum.txt, pyroph_1,Nic4,FALSE,z, none,fe(1-x)s, jhu,sulphide,pyrrhotite
398,c:\2020\ecospeclib\mineral.sulfide.none.fine.tir.pyroph_1.jhu.nicolet.spectrum.txt, pyroph_1,Nic4,FALSE,z, none,fe(1-x)s, jhu,sulphide,pyrrhotite
